image_path,generated_caption,references
Images/1003163366_44323f5815.jpg,two young women sitting on a couch,a man lays on a bench while his dog sits by him | a man lays on the bench to which a white dog is also tied | a man sleeping on a bench outside with a white and black dog sitting next to him | a shirtless man lies on a park bench with his dog | man laying on bench holding leash of dog sitting on ground
Images/1007129816_e794419615.jpg,a young woman with a black hat and black hat is smiling,a man in an orange hat starring at something | a man wears an orange hat and glasses | a man with <unk> and glasses is wearing a <unk> hat | a man with glasses is wearing a beer can <unk> hat | the man with pierced ears is wearing glasses and an orange hat
Images/1019077836_6fc9b15408.jpg,a brown dog is playing with a ball in the grass,a brown dog chases the water from a sprinkler on a lawn | a brown dog plays with the hose | a brown dog running on a lawn near a garden hose | a dog is playing with a hose | large brown dog running away from the sprinkler in the grass
Images/1022454428_b6b660a67b.jpg,two men and a woman are standing next to each other in front of a building,a couple and an infant being held by the male sitting next to a pond with a near by stroller | a couple sit on the grass with a baby and stroller | a couple with their newborn baby sitting under a tree facing a lake | a man and woman <unk> for an infant along the side of a body of water | couple with a baby sit outdoors next to their stroller
Images/103195344_5d2dc613a3.jpg,a group of people are sitting on a wooden platform,a man in black is sitting next to a modern art structure in front of a glass building | a man sits and reads a newspaper by a sculpture outside of an office building | a man sits near a large statue | a man sitting in front of a metal sculpture in front of a building | the man with the backpack is sitting in a buildings courtyard in front of an art sculpture reading
Images/1032460886_4a598ed535.jpg,three men walking in front of a building,a man is standing in front of a <unk> | a man stands in front of a <unk> | a man stands in front of a very tall building | behind the man in a red shirt stands a large <unk> | there is a <unk> in the distance with a man walking in front of the camera
Images/1057089366_ca83da0877.jpg,a boy is diving into a swimming pool,a boy descends off the end of a high diving board | a child jumps off a high diving board into the pool | a kid jumps off the diving board and into the swimming pool below | a little kid is jumping off a high dive at the pool | the boy is jumping off a high diving board into the pool
Images/1072153132_53d2bb1b60.jpg,a black and white dog is running through a field,a black and white dog catches a toy in midair | a dog and a tennis ball | a dog is jumping to catch a object thrown at it | a dog leaps while chasing a tennis ball through a grassy field | a multicolor dog jumping to catch a tennis ball in a grassy field
Images/1075881101_d55c46bece.jpg,a man and a woman are sitting in a boat,a boy <unk> the bubbles off his face | a boy covered in suds has his face <unk> clean | a boy is covered in bubbles | a child covered in foam is climbing on a black inflatable ramp | a person covered in <unk> water is getting <unk> off
Images/1082379191_ec1e53f996.jpg,a man and woman sit on a bench,a lady and a man with no shirt sit on a dock | a man and a woman are sitting on a dock together | a man and a woman sitting on a dock | a man and woman sitting on a deck next to a lake | a shirtless man and a woman sitting on a dock
Images/109260216_85b0be5378.jpg,a man with a helmet is climbing a rock face,a person climbing down a sheer rock cliff using a rope | a person climbs a tall flat mountain while holding onto a safety rope | a person is climbing a rock while holding onto a white rope | a person <unk> down a steep incline | a person wearing a red vest climbs up a steep rock
Images/1093737381_b313cd49ff.jpg,a girl in a dress is holding a <unk> and a man in a dress,a woman in a blue dress stands with a chalk portrait of two children playing by a stream | a woman standing in front of a chalk drawing | a woman stands next to a chalk drawing in front of a barn like structure | a woman stands outside near an elaborate chalk <unk> | a woman wearing a blue dress is drawing a picture of a boy and a girl on the sidewalk with
Images/1100214449_d10861e633.jpg,a boy in a black shirt and blue pants is jumping in the air,a boy in <unk> striped shirt is jumping in front of a water fountain | a boy is jumping off the side of a running stone water fountain in front of a building | a happy boy is jumping in front <unk> city fountain | a little boy is jumping in front of a fountain | a little boy is playfully jumping off the side of a fountain
Images/1130369873_d80a1aa59c.jpg,a brown dog is playing with a tennis ball in its mouth,a brown dog is running through neck deep water carrying a tennis ball | a brown dog splashes in the water while carrying a ball in its mouth | a brown dog swims through water outdoors with a tennis ball in its mouth | a red dog holding a ball splashes through vegetation filled water | brown dog with tennis ball in mouth in water and bushes
Images/1177994172_10d143cb8d.jpg,a man in a black shirt and a boy in a black shirt and a tie <unk> a skateboard,two blonde boys one in a camouflage shirt and the other in blue are having a water fight | two boys are squirting water guns at each other | two boys spraying each other with water | two children wearing jeans squirt water at each other | two young boys are squirting water at each other
Images/1204996216_71d7519d9a.jpg,a man and a woman are sitting on a couch,a boy lays on a picnic table bench | a child is laying down on a wooden bench | a child is on a bench with arms stretched out | a little boy in a red shirt sitting on a wooden picnic table bench | a little boy lies down on a picnic table bench
Images/1236951314_0308dc4138.jpg,a child is diving into a swimming pool,a boy in a wetsuit jumps into a pool with a bald man | a boy with goggles jumping into a pool containing a man | a child is jumping into a pool while a man is watching the child | a swimming person is watching a child jump into a pool with blue water | a young boy jumps in a swimming pool towards a bald man in the water
Images/1244140539_da4804d828.jpg,a small brown and white dog with a red collar,a black and brown dog is laying on a white shaggy carpet | a brown and black dog is laying on a shaggy rug | a small brown and black dog lying down in a furry rug | a small dog is sitting on white carpet | a small dog shakes its head on a white <unk> carpet
Images/1245022983_fb329886dd.jpg,a girl in a pink shirt and blue jeans is riding a skateboard,a child in all pink is posing nearby a stroller with buildings in the distance | a little girl in pink dances with her hands on her <unk> | a small girl wearing pink dances on the sidewalk | the girl in a bright pink skirt dances near a stroller | the little girl in pink has her hands on her <unk>
Images/1247181182_35cabd76f3.jpg,a man is sitting on a cliff overlooking a valley,a man sits on a rock | a man sitting on a cliff in the mountains | a man wearing a blue shirt crouches on a rocky cliff | a person posing on a mountaintop | the man is sitting at the top of a rocky mountain
Images/1255504166_f2437febcb.jpg,a person is standing on the shore of a boat with a boogie board,a boy playing in a lake | a child is splashing in the water | a little boy is playing in the water with a beautiful sunset and mountains in the background | a small child in water with a splash <unk> him while the white clouds float over the mountains | a young boy plays in the water with the mountains in the background
Images/1267711451_e2a754b4f8.jpg,a black and white dog is running through a grassy area,a black and white dog carrying a large stick | a black and white dog is carrying a stick in its mouth | a black and white dog walking through the grass with a long stick in his mouth | a dog holds a stick in its mouth | a dog trots across the ground with a large stick in his mouth
Images/1287073593_f3d2a62455.jpg,four dogs are running through the snow,a group of dogs pull a person on a dog sled up a hill | <unk> rider pulled past flags on snowy hill | dogs pulling a sled in a sled race | five sled dogs are pulling a person on a sled through the snow | the man is <unk> his dogs on a snow trail
Images/129599450_cab4e77343.jpg,a man and a woman are sitting on a rock overlooking a forest,a backpacker in the mountains wearing an american flag | a hiker carring an american flag | a hiker with an american flag on his backpack walks through the woods | a man is hiking on a mountain path with an american flag on his backpack | a person hikes on a mountain
Images/1298295313_db1f4c6522.jpg,a woman is jumping over a stream of water on a beach,a blonde boy wearing a blue life vest and camo shorts jumps off a <unk> into a blue lake | a boy diving backward off a pier in a large lake | a boy in a blue life jacket jumps into the water | a boy in a blue life jacket jumps off a board into the lake | a boy is holding his nose and jumping off a diving board backwards into a lake
Images/1299459550_1fd5594fa2.jpg,a girl in a bathing suit is playing in a water fountain,a boy in swimming trunks | a toddler in blue shorts is laying face down on the wet ground | a young boy laying face down in water | boy in shorts face down in shallow reflective water | the boy in swim trunks is laying face down on a watery pavement
Images/132489044_3be606baf7.jpg,a man in a black shirt and jeans is eating a book,a man sleeping with a bag on his lap on public transportation | a man who has fallen asleep on public transportation | an asian man in a suit on the subway asleep | a <unk> business man takes a <unk> nap while riding the train | a young man in a suit and tie leans against a railing to take a nap on public <unk>
Images/1342780478_bacc32344d.jpg,a woman in a red jacket is holding a silver car while another man is walking away from the camera,a man in a dress shirt and tie is standing in front of a sign selling <unk> | a man stands among cement <unk> in front of a <unk> shop | a man with a white shirt and tie is standing on a sidewalk between cement <unk> | a well dressed man in the street | man stands between concrete <unk> near a <unk> shop
Images/134724228_30408cd77f.jpg,two boys in blue shirts are running on a grassy field,two girls are walking down a dirt road in a park | two women walking down a dirt road with a man far behind | two women walking on an outdoor trail | two young women are walking along a rural path <unk> by trees | two young women walk along a dirt road
Images/1350811702_2ce7cfd0c5.jpg,two people are on a skateboard on a sidewalk,a young boy casting his fishing line off a pier | children fishing off a bridge | people fishing over white fence | young boy standing next to water casting his fishing rod with others next to him | young boy wearing <unk> standing on a dock fishing other people are in the background
Images/1350948838_fdebe4ff65.jpg,a black and white dog is jumping into a body of water,a black and white dog jumping into a pool | a black and white dog jumping into a swimming pool | a black dog jumping into a large pool | a wet black dog jumps into a pool to fetch a ball | black and white dog leaps away from camera into pool
Images/1357753846_6185e26040.jpg,a black dog is running through the water,a big black dog runs through the water near the shore | a black dog crossing a stream | a black dog is walking through a stream of water | a black dog runs through the water | a black dog walks through some water
Images/1368383637_614646cc4a.jpg,four people are walking through a <unk>,people stand in <unk> looking from balcony as another person walks dog | people stand inside a <unk> structure | three people and a black and white dog in bright industrial <unk> | three people enjoying the view in a modern building | two people look over a terrace wall
Images/1379026456_153fd8b51b.jpg,a man in a white shirt and jeans sits in a chair,a man sits at a table in front of a computer wearing headphones | a man with headphones on is looking at a computer screen while sitting at a table | a young man is sitting at a table with a laptop and earphones | a young man with headphones looking at a <unk> laptop computer | man sitting with headphones at a laptop
Images/1383840121_c092110917.jpg,a brown dog is playing with a toy,a brown dog laying on a blue cover | a brown dog laying on a blue sheet | a dog lying on a blue cloth dog bed | the brown dog is laying down on a blue sheet | the dog is laying on a bed with a blue sheet
Images/1389264266_8170bc1c54.jpg,two women one with a black top and a white tank top and a white tank top and one is,a girl with pink <unk> hair and fur <unk> looks back while the girl walking next to her looks at | two girls facing each other one has a skull face bag wearing a red and black shirt the other is | two girls walking down the street | two girls wearing <unk> <unk> clothing while one looks back at the camera | two young girls wearing <unk> clothes
Images/1390268323_2c8204e91c.jpg,a young boy is sitting in a boat,two children climb into the back of a vehicle from the front seat | two children in swim trunks climb through a car | two small boys wearing only their underwear climbing a bench in a van | two young boys are climbing over the seat in a vehicle | two young boys wearing just underwear climb around a vehicle
Images/1396064003_3fd949c9dd.jpg,a man in a wetsuit is doing a flip in midair,a man hangs upside in the air over the water | an upside down man doing a flip on a waterski board | a person <unk> a side flip while water boarding | a person upside down on a water board | a wakeboarder performs a flip while being towed at high speed
Images/141140165_9002a04f19.jpg,a boy is throwing a baseball while a baseball player watches,a little boy points to the face of another little boy in base in a baseball game | a little league player points to another player | a young baseball player is pointing a finger in the face of a player on the other team | two boys on <unk> sides of the baseball teams <unk> with each other at a base | two little league players are next to a base in the field
Images/1414820925_3504c394e1.jpg,a woman in a white shirt and black pants is sitting in a chair,a man in red shorts jumping in back of a volleyball net | a man in red shorts jumps behind a volleyball net | a man in red swim trunks playing volleyball | athletic man <unk> volleyball | guy in red shorts jumping up in front of volleyball net
Images/1417031097_ab656bc4bd.jpg,people are watching a man in a boat on the street,a person is laughing on a roller coaster ride | a photo of a ride at an amusement park on an <unk> day | people are in a ride that drops you from a great height | people on an amusement park ride | people on a ride at a fair
Images/1428641354_f7453afbea.jpg,a young girl is eating cake with a wand held by a woman,a woman and a boy are making <unk> in the kitchen | a woman in a white shirt prepares a large meal of <unk> | a woman is holding a jar of <unk> and a boy is looking at a tray of <unk> | the woman has a blue shirt on with a kid to her side and she is making <unk> | woman and young boy stand in a kitchen with a spread of <unk> in front of them
Images/143552697_af27e9acf5.jpg,a man on a bmx bike,a man riding his bike on a hill | a man with helmet and backpack standing on dirt bike in a hilly grassy area | a person rides a motorbike through a grassy field | man on motorcycle riding in dry field wearing a helmet and backpack | the biker is riding through a grassy plain
Images/143688283_a96ded20f1.jpg,a boy in a red shirt is climbing a rock wall,a man in a harness climbing a rock wall | a man with a white shirt and helmet is climbing a mountain | a man in a white shirt and helmet is using climbing equipment | a young man wearing a white helmet climbing up a rock wall | man rock climbing looking up the rock
Images/1439282131_3814d6ae04.jpg,a brown dog is running through the water,the two dogs are in the water retrieving a stick | two dogs are holding the same stick in their mouths while in the water | two dogs in the surf holding on to the same stick | two dogs in the water fighting over a stick | two dogs swimming with a stick
Images/1446933195_8fe9725d62.jpg,a brown dog is running through a grassy area,a black puppy is biting a tree limb | a brown puppy chewing on a tree branch | a puppy dog is playing with a branch | a puppy is gnawing on a plant branch in an uncut grassy area with wood and a barrel nearby | a young brown puppy pulls a leafy branch in his teeth in a backyard
Images/1452361926_6d8c535e32.jpg,a small child is sitting in a plastic tub,a boy sits in a toy car while drinking from his <unk> cup | a toddler drinking from a cup in a toy car | a toddler in a red toy car drinks from a juice cup | the boy sits in his toy car <unk> from a cup | the child sits in a toy car and drinks from a <unk> cup
Images/1453366750_6e8cf601bf.jpg,two girls dressed in pink and purple <unk>,two children are shown upside down | two girls lay upside down on their bed | two kids laying on a bed upside down | two teen girls hang playfully from the side of the bed | two women are laying upside down on a white bed
Images/1454841725_4b6e6199e2.jpg,a group of girls are smiling and one is holding a cup,a group of young girls smiling with a large crowd behind them | four girls pose in front of a crowd | four young girls pose for a picture at school | four young girls posing for the camera | some young girls standing in a group some with their arms around each other
Images/1461667284_041c8a2475.jpg,a man in a white shirt is dancing with a man in a band,a guitarist plays while people play with hula hoops in the background | a guitarist sits playing before <unk> while a man and a boy dance and a woman stands by | a man in a white hat plays guitar on a stage | a man plays guitar on a stage while another woman smiles | four people performing music outdoors
Images/1463732807_0cdf4f22c7.jpg,a young boy wearing a red shirt is swinging on a swing,a boy on a playground swing <unk> a <unk> pose | a boy on a swing wearing a green shirt is making hand gestures | a young boy makes a <unk> pose on a swing | boy in green shirt sitting in swing with eyes closed and making gesture with hands | boy posing for camera
Images/1472653060_7427d2865a.jpg,a woman is looking at a display case,a man <unk> up some food on a yellow board | a man is <unk> up food to put in bowls of food at a food court | asian man is preparing <unk> <unk> with <unk> visible at a counter behind him at a food court in a | a young man in a black and red t shirt preparing food on a yellow <unk> board | a young man preparing food with <unk> in the background
Images/1473618073_7db56a5237.jpg,a child in a red shirt is swinging on a swing,a boy on a green plastic swing | a little boy sitting on a green swing | a smiling boy plays on a green plastic swing toy | boy swinging on a swing set | little boy riding on green swing in a playground
Images/1489286545_8df476fa26.jpg,a man and a woman sitting on a bench,a man and a dog sit on a bench near a body of water | a man and his dog watch the sunset from a bench | a man holding a dog sitting on a bench overlooking a lake | a man holds his dog near a pond | a man sits on a bench holding his dog and looking at the water
Images/1501985304_8c50093004.jpg,a boy in a swimming pool,a child swims with a woman | a small child gets into a pool with help from a woman | a young boy jumps into the water as a woman holds his arms | a young curly brown headed boy is jumping into the arms of a woman in a pool | the little boy is in the swimming pool with an adult woman
Images/1507563902_6ec8d5d822.jpg,a boy in a blue shirt is jumping into a swimming pool,a child is doing a back flip whilst jumping on a trampoline | a girl is doing a trick on a blue trampoline and is in the air | an upside down child above a trampoline | a person is upside down in the air above a trampoline outside | someone is flipping on a blue trampoline
Images/1511807116_41c3645e8c.jpg,a dog is biting a brown dog,a black dog plays with another animal | two dogs wrestle in the grass | two dogs wrestle in the ground | two puppies are wrestling on green grass | two puppies wrestle with each other
Images/1515025681_999199cb79.jpg,a man with a beard and a man in a black shirt,a man in a white shirt and sunglasses gazes into the horizon | an older man wearing sunglasses and a white t shirt | an old man with sunglasses and a watch around kids | bald man in sunglasses | bald older man with sunglasses and white shirt blurry crowd around him
Images/1517340899_ee1c74a8f6.jpg,a young girl in a pink shirt is jumping into the air,a girl jumping in the grass | a girl jumps in the grass | a young blonde girl with a pink shirt on jumps high into the air while kicking her foot out and | the blond girl is jumping up in the air | the girl in a pink shirt jumps high over the grass
Images/1517807181_ca6588f2a0.jpg,two children are playing with a ball,two children are playing with a kite out in wide open countryside | two children running in a field | two children running in a field with a kite there is a fence in the background and mountains | two young girls fly a kite | two young girls run across a field as they fly a kite in the cloud covered sky
Images/152029243_b3582c36fa.jpg,a man in a red shirt is riding a bike in the air,a man maneuvers a motorcycle through a rocky stream | a motorcycle rider <unk> his bike over a stone obstacle | a young man is in a stream with his dirt bike | bmx biker in shallow stream with current performing a wheelie | the man is dirt bike riding is the stream and climbing the rocks on the bank of the water
Images/1523984678_edd68464da.jpg,a dog runs through a field,a dog is running with a yellow tennis ball and wearing a red harness | a small black and white dog running through the grass with a tennis ball in his mouth | small black and white dog wearing a red harness is running around with a ball in its mouth | small dog with red harness fetching a ball | the dog wearing the red collar is running across the grass with a ball in its mouth
Images/1528205014_1323aa9dfd.jpg,a young boy wearing a red shirt and a white shirt and a man in a black shirt and a,a man in a yellow jacket with many colorful <unk> is smiling | a man in a yellow shirt wearing multi colored plastic jewelry | a man is wearing a rainbow colored necklace and smiling | black man poses for photo | the man wearing a colorful outfit is holding something in both hands and smiling for the camera
Images/1529044279_4922ead27c.jpg,a group of young men in red shirts and one is holding a basketball,a crowded street in <unk> | a group of adults and children with one man pointing at something off camera | a man holding a little girl hand bends over and points something to her | a young girl and an older gentleman hold hands as he points to something off frame | people with small children on a brick ground one man points to something for a child to see
Images/1539166395_0cdc0accee.jpg,a little girl is holding a plastic cup,a child with a skull on his shirt is sitting in front of some plants and a building and is | a curly haired child in a white t shirt <unk> the handlebars of a riding toy | a little girl with curly hair sitting on a <unk> <unk> | a small child with curly hair is on a riding toy | a young girl with curly hair with a white shirt with a skull and <unk> picture on it
Images/1557451043_f5c91ff6f4.jpg,a girl is climbing up a cliff,a girl is sitting on the beach and staring at the ocean | a woman in a dress and baseball cap sits next to the water | a woman sits on a rocky beach looking a yellow object in the water | the girl in the blue dress and the baseball cap is sitting near the ocean | the woman is looking out on the beach
Images/1561658940_a947f2446a.jpg,a young girl in a swing,a little girl in a swing laughs | a little girl is swinging in her brightly colored swing outside | a little girl sits in a plastic swing set | a young girl on a swing | girl wearing pink pants smiles in baby swing
Images/1563731247_7f21d8bec0.jpg,two children are playing in a mud puddle,a child plays on the ground in a pile of leaves | a little girl is playing in the hay | little girl buried in hay throwing hay around at a lady | the girls play in the pumpkin patch | two children are playing in a pile of hay with the sun shining overhead
Images/1579798212_d30844b4c5.jpg,a little girl is playing with a green ball,a child is laying in a bubble bath holding a yellow <unk> brush up to his mouth as if singing | a child sings into a <unk> in the bathtub | a little boy is laying down in a bubble bath | boy in bubble bath yelling or singing into <unk> brush | the child is surrounded by bubbles while in the bathtub
Images/1580172290_e19067e0dd.jpg,a toddler is playing with a white and blue toy,a baby and a young boy playing | a young boy crawls with a toddler | two children on hands and knees on a wood floor | two kids play on the floor | two young babies crawling on a wood floor
Images/1659358133_95cd1027bd.jpg,a dog jumps over a log,a brown dog sniffs a tree stump | a dog sniffs a newly cut tree trunk | a dog sniffs a tree stump | dog sniffing recently cut tree stump | the dog is standing outside on a tree stump
Images/166507476_9be5b9852a.jpg,a black and white bird is in the middle of a pool,the <unk> <unk> along the rocky water bank | the two <unk> are standing on their back legs near deep water | two <unk> fighting | two <unk> fight in the water | two oriental <unk> are fighting for <unk> in a small pond
Images/167295035_336f5f5f27.jpg,a woman is climbing up a rock wall,a climber wearing a white helmet is perched on the side of a rock face | a lone climber wearing a white helmet climbing a wall | a man wearing blue climbs a steep cliff | the man in a blue shirt wearing a helmet is <unk> to climb | the rock climber looks down from above
Images/169490297_b6ff13632a.jpg,a boy in a red shirt is jumping off a wooden structure,a boy in a blue yellow and orange shirt holding his arms out from his sides | a boy in a blue yellow and orange shirt plays outside | a boy looks down and spreads his arms wide | a child with a brightly colored shirt plays outside | the boy in the blue and yellow top is standing with arms outstretched
Images/1765164972_92dac06fa9.jpg,a woman with a red shirt and a red shirt is standing in the street,a girl with a nose ring earring and mohawk | a person with spiky hair looks to the left | a profile of a young person with a <unk> hairstyle and pierced ear and nose in a cowboy shirt | a young person with a mohawk and a nose piercing in a plaid shirt | the person is posing in a red flannel shirt with a mohawk
Images/1776981714_5b224d0f7a.jpg,a man in a red shirt and black pants is standing in front of a building,two asian women walking in front of a green door | two girls are walking along the street and talking | two women walk down a street | two women walk down the street | two women walking down the street
Images/1797507760_384744fb34.jpg,three people are sitting in a shallow river,four shirtless men are hiking up a canyon | four shirtless men hike up a canyon | shirtless men hike through a canyon | the hikers are climbing up the mountains | topless men walking up a rocky path
Images/181415975_2627aa6668.jpg,a woman is doing a handstand on a trampoline,a blonde man is wakeboarding and is jumping into the air | a blond man jumping through the air over the ocean | a blond man on a single waterski | a man gets air time on his wakeboard | man airborne on wakeboard with elevation in the background and blue water
Images/1858963639_4588cd4be9.jpg,a man wearing a blue shirt and sunglasses sits on a bench,a girl with a red helmet carying a lot of rope | a smiling woman wearing a red hardhat has a long <unk> of rope around her shoulders | a woman wearing a red helmet is holding a rope and smiling | a woman with a helmet and climbing rope smiles at the camera | the smiling woman in the red helmet is outdoors holding a very long rope
Images/1859941832_7faf6e5fa9.jpg,a white and black dog is jumping up to catch a ball in a field,a dog catches a frisbee as it jumps on the grass | a pitbull jumps to catch a flying disc | a white dog has jumped up in the air to catch a frisbee | the dog jumps to catch the frisbee | the white dog has a grey frisbee in its mouth
Images/186890601_8a6b0f1769.jpg,a boy is jumping into a swimming pool,a man in a maroon bathing suit swings on a rope on a lake | a man in red shorts swinging on a rope over a lake | a man is swinging on a rope above the water | a man is swinging on a rope over water | this man is swinging on the rope swing out over the blue water
Images/186890605_ddff5b694e.jpg,a man is jumping into a lake,a guy in swimming trunks flying on a rope swing above a lake | a man is rope swinging off a tree into a lake | a man is swinging on a rope swing into a lake | a person uses a rope swing over the water | there is a man swinging off a rope swing into a lake
Images/1876536922_8fdf8d7028.jpg,a dog is splashing in the water,two dogs are running through water carrying a rope and red float in their mouths | two dogs carry a toy out of the ocean | two dogs carrying a red toy in their mouths and running in water | two dogs carry one object while wading in the ocean | two dogs run through the water and both hold the same toy in their mouths
Images/1897025969_0c41688fa6.jpg,a black and white dog is <unk> a brown dog in a field of <unk>,a black dog and a tan dog fighting | a black dog and a white dog are wrestling on the ground | a black dog bites a white dog while standing on the sand | two dogs fight | two dogs one white and one black play with each other in the sand
Images/1928319708_ccf1f4ee72.jpg,a man wearing a helmet riding a bicycle,a man is cycling on the road | a man rides a bicycle down a road with concrete <unk> | a man rides his bicycle on a wet road | a person biking on a road near a fence | man <unk> through <unk> bike path wearing white helmet and gloves
Images/1932161768_996eadac87.jpg,a dog is running through a stream,a small dog steps onto a log | a small white dog climbs over a log | a small white dog with a blue collar is climbing over a large log | a white dog jumps over a log outside | a white <unk> is jumping over a log
Images/1956678973_223cb1b847.jpg,two young boys are playing in a field of green grass,children in red shirts play in the leaves | four boys in red are playing with fallen leaves | several children leaping into a pile of leaves on the ground | small children are playing in a pile of dead leaves | three kids jumping in leaves
Images/195962790_3380aea352.jpg,a brown dog is <unk> a man 's face while a woman is standing next to a man,a woman in a purple shirt and a brown puppy sit near a fountain | a woman sits by the pool with a dog while another dog is nearby | a woman sits with her feet in a shallow pool and looks at a puppy | while the <unk> put their feet into the fountain the puppy on the side with his <unk> checks out the | woman and dog <unk> off at fountain
Images/1982852140_56425fa7a2.jpg,a boy and a girl are playing on the beach,an adult and a child run on the beach | a woman and a little girl playing in the sand next to the ocean | two people run down the beach and one of them is pointing | two people running on a beach | two people running on the shore of a beach
Images/1998457059_c9ac9a1e1a.jpg,a man is waterskiing in the middle of a boat,a body boarder is being <unk> on the beach by a wave whilst other surfers are standing around in the | a child is pushed by a large wave while holding his yellow surfboard | four swimmers in the crystal blue ocean with yellow surfboards | people <unk> and standing in the ocean | some <unk> riding waves on a beach busy with tourists
Images/2021613437_d99731f986.jpg,a boy in a white shirt is dancing with a basketball,a boy dribbles a basketball in the gymnasium | a boy dribbling a basketball in a gym | a boy wearing a <unk> <unk> shirt dribbles a basketball on an indoor court | a child in a gray t shirt is bouncing a basketball on a basketball court | one little boy dribbles his basketball
Images/2029280005_a19609c81a.jpg,a man wearing a white shirt and jeans is sitting on a skateboard,a man in a black shirt is rollerblading past a bench in the city | a man is inline skating in front of a wooden bench | a man is wearing rollerblades standing on a paved area near a park bench | a man on rollerblades <unk> down the sidewalk | a man wearing a black shirt and brown pants skates on a concrete surface near a park bench
Images/2034553054_b00c166895.jpg,a man is sitting in a chair surrounded by people,a boy with a blue hat points towards a bowl full of <unk> | a child in medieval clothes points at something on a table | a child in <unk> costume looking at a table with a bowl cup and a basket of apples | a young boy next to apples at a medieval fair | the child is sitting at the table with art <unk> and apples
Images/2042009399_afad34e7c1.jpg,a group of football players in red uniforms run for the ball,a group of boys play flag football while some <unk> watch | kids playing tag football | several boys playing flag football in blue and white uniforms | some boys in team uniforms are outside playing sports while people watch | young boys play touch football
Images/2055646179_169807fed4.jpg,two girls are playing badminton on a swing,a boy holding a hose next to a man while another boy watches on held by a woman | a child is playing with a water spout outdoors while the rest of his family watches | a man in an orange shirt is helping a boy squirt water from a hose into a pond whilst a | a smiling family congregate around a water spout in a pasture | a young child plays with a hose in a field with another child and two adults
Images/2056042552_f59e338533.jpg,a dog jumps in the air to catch a ball in a field,a grey dog is jumping toward a black and white dog in the snow | two dogs playing on the beach | two dogs play on the beach | two french poodles romp on a snowy field | two poodles are in the snow and one is jumping high
Images/2056930414_d2b0f1395a.jpg,two children are playing with a toy,a child plays a red toy guitar and sings into multicolored plastic microphone | a little boy is playing with a toy guitar and microphone | a little boy plays a toy guitar while singing into a toy microphone | a little boy with toy microphone and guitar pretends to play music | the child has a small red guitar and toy microphone
Images/2060031241_a3ae7a06bb.jpg,a young girl in a pink shirt is playing with a toy,a baby holds a game control above its head and laughs | a baby is holding a <unk> to a video game above his head | a little kid holds up a <unk> control in front of the television | a young boy is holding a <unk> <unk> over his head | baby sitting on floor and holding a game <unk> over its head
Images/2061354254_faa5bd294b.jpg,a young boy wearing a white shirt and blue shorts is jumping in the air,a boy hangs from a t bar while a man gives him a push | a little boy being pushed by an older person on playground | a little boy is going down a pulley swing | a man pushes a boy on a zip line | a smiling boy slides down a rope while hanging on
Images/2064780645_8f28a1529f.jpg,two men are standing in a field of melting <unk>,a group of people standing in front of a setting sun | children in a field at dusk | several people are standing near trees at dusk | the setting sun <unk> a group of four people and the surrounding trees | the sun is setting behind a group of people
Images/2065309381_705b774f51.jpg,a skier is jumping over a snow covered hill,a man snowboarding down a mountain covered with snow | a skier <unk> descending a steep snow covered hill | a snowboarder <unk> down the side of a snowy hill | snowboarder going down a fresh hill | the sun is shining above the snow and trees
Images/2071309418_1d7580b0f0.jpg,a brown and white dog is playing with a white dog,a white dog wearing a christmas <unk> headband plays with a brown dog in the grass among some stuffed animals | a white dog wearing <unk> ears is next to a brown dog | a white dog with fake <unk> on its head and a brown dog play together outdoors | the white dog next to the brown dog is wearing a christmas headband | two dogs one wearing christmas <unk> tussle on the grass
Images/207237775_fa0a15c6fe.jpg,two boys are running in a field,a man doing a back flip while another takes a picture | a person is taking a picture of another person doing a flip in midair in the grass | a young man takes a picture of his friend doing gymnastics in a field | one man taking a photo of another man jumping in a field by a small tree | one person does a flip in the middle of the field while their friend takes a picture
Images/2073105823_6dacade004.jpg,a black and white dog jumps over a bar with a man in a blue shirt,a man in a black hoodie and jeans skateboards down a railing | a man skateboards down a steep railing next to some steps | a person is sliding down a brick rail on a snowboard | a person walks down the brick railing near a set of steps | a snowboarder rides down a handrail without snow
Images/2080033499_6be742f483.jpg,a brown dog is running on a sidewalk,a brown dog is running away from his owner | a brown dog with a lease is running with a person behind the dog | a man is walking behind a dog that is standing on its hind legs | a tan dog on a leash stands on his hind legs | dog on leash running from man
Images/2083434441_a93bc6306b.jpg,two people are walking down a street with old buildings,an elderly woman is riding a bicycle in the city as a yellow <unk> is about to pass by | an elderly woman rides a bicycle along a city street | an older woman with blond hair rides a bicycle down the street | a woman in a grey overcoat rides her bicycle along a street | older woman wearing <unk> riding a bicycle with a shopping bag on the handle yellow car is in the background
Images/2083778090_3aecaa11cc.jpg,a woman wearing a black jacket and a hat is holding a camera,a man in the snow wearing a furry hat and a black jacket with a red scarf | a man wearing a hat in a <unk> | a man with a goatee wears a fur hat in the snow | man in furry hat stands in snow | the man is wearing a scarf jacket and a furry hat on a snowy day
Images/2084157130_f288e492e4.jpg,two dogs are running through the grass,a black and white dog runs beside a brown dog in a green field | the black and white dog along with the brown dog are galloping outside | two dogs race through a field | two dogs run across the grassy field | two dogs running fast in the grass
Images/2092870249_90e3f1855b.jpg,a red truck is parked in a parking lot,a man lies on a street with his head and shoulders under a parked car that is jacked up | a man looks under a car on a wet street | a man works on a car | a person lies half under a car face down | a person underneath a car with a jack
Images/209605542_ca9cc52e7b.jpg,a man is climbing up a rock face,a climber wearing a red headband is pulling himself up some grey rocks high above some green foliage | a man in a headband climbing a rock | a man with a red headband climbing a rock cliff <unk> over greenery | man climbing a sheet rock face | man in red headband climbing a rock
Images/2106772874_381824648b.jpg,two dogs are fighting,a brown and black dog and a white dog are wrestling on the carpet | a large white dog and a smaller brown dog fight | a white dog opens its mouth near a smaller dog | a white dog plays with a brown dog on carpet | two dogs playing rough
Images/2107837987_ffecfc367a.jpg,a young girl in a pink shirt and blue shorts is walking on a beach,a boy stands near water with a stone in his hand | a child in a blue shirt is holding something in his hand on a lake shore | a little boy is ready to throw a stone into the water | a skips rocks near a bridge | the little boy is at the side of the river throwing rocks
Images/2110898123_07729c1461.jpg,a brown dog is running on a grassy hill,a brown dog wearing a red vest is running in the grass | a brown dog wearing a red vest is running through the grass | a dog sprints across the grass | a dog wearing a red cape runs quickly across a field | the brown dog is running on the grass whilst wearing an orange jacket
Images/2115849046_2aa9fa8d13.jpg,two dogs are in a lake,a brown dog running on shore with a boat in the background | a brown dog runs near the water | a dog is running on the grass beside a boat on the river | a large orange dog runs through the grass by the water where a large boat is sailing in the background | the dog is running in the grass next to the water
Images/2116444946_1f5d1fe5d1.jpg,a girl with a camera,a girl is standing outdoors with her hair blowing everywhere | a girl <unk> her hair blow in the wind | a girls brown hair is <unk> by the wind | a smiling young woman is shown from the shoulders up with her long hair blowing in the wind | smiling girl with brown hair blowing in air
Images/2120571547_05cd56de85.jpg,two people are sitting in a bus,a woman in black sitting on a train | a woman is stretching he legs across three seats on a subway train | a woman <unk> with her feet on the seats in a subway car | two women in winter clothes ride in a subway car with orange and yellow seats | two women sit on a city train
Images/2135360514_7dcb9ed796.jpg,a young boy wearing a blue shirt is eating a blue and yellow toy,a baby in a santa hat holds a santa figure while laying on a brown sofa | a baby wearing a santa hat and a red outfit playing with a santa claus figure | a baby wears a santa hat | baby in santa outfit holding a baby santa | the baby is holding a santa <unk>
Images/2135502491_a15c6b5eae.jpg,a brown and white dog is running through snow,a beautiful brown and white st <unk> running in the snow | a st <unk> lunges through the snow | large st <unk> dog wearing red collar galloping through the snow | st <unk> dog running in the snowy field | the large brown and white dog is running through the snow
Images/2141065212_463a6997e1.jpg,two men wearing black uniforms,a man wearing a black hat and coat makes a face with a crowd behind him | a man wears a <unk> jacket | an elderly man is wearing a black jacket covered in <unk> <unk> | older man with glasses wearing a car racing hat and jacket | the white haired man in the black baseball cap is wearing a black jacket covered with car racing <unk>
Images/2142232919_c857a09dd7.jpg,a black dog is jumping in the air to catch a toy,a black dog carries an orange ball walking on the ground covered in leaves | a black dog with an orange toy in its mouth is walking in fall leaves | a black lab puppy runs with an orange ball on an autumn day | black dog with orange ball approaches camera across dead leaves | the black dog walks through brown leaves with an orange ball
Images/2151300603_248a9fe715.jpg,a woman is <unk> her <unk>,a <unk> of a hand is displayed on a wall behind which a woman <unk> | a picture of the <unk> of a hand | a woman is sitting at a desk near to a window that has a huge picture of a hand painted | a woman is sitting at a table waiting to <unk> a <unk> 's <unk> | a woman sitting in the background at a table
Images/217583047_5e93e1e119.jpg,a man is rowing a boat on a lake,a man in a white boat is rowing through fog | a man in his boat on the lake | a man is riding in a boat on the water | a man sits in a rowboat alone on foggy water | man in a small white boat on a lake
Images/2180480870_dcaf5ac0df.jpg,a brown dog is running through a field of grass and grass,a brown dog is about to jump | a dog runs through the grass | a little brown dog running through a field of grass | tan dog running through long grass in a park like setting | the large brownish dog is running through a grassy area
Images/2182050469_1edac0bc60.jpg,a woman is sitting on a boat in the water,a person crouches at the end of a dock on a lake | a person is squatting at the end of a pier near a lake | a person with a red backpack squatting at the end of a dock | a single person <unk> down at the edge of a pier overlooking a lake | i <unk> squatting on a dock looking into a lake
Images/2192026581_b782d1355a.jpg,a man is holding a large stick whilst attached to a rope,a bunch of people swimming in water | a group of children in the ocean | a group of <unk> swim in lake water | many children are playing and swimming in the water | several people swim in a body of water
Images/2201222219_8d656b0633.jpg,a man plays with a guitar,a boy is sitting on a brightly colored chair next to a child 's book playing a guitar | a toddler is sitting on a red checked chair whilst playing a guitar | a young child is sitting in a colorful chair with a guitar in his hands and a book sitting next | a young child playing guitar on the chair | young barefoot boy playing a guitar setting in a large <unk> colored chair with a picture of three <unk> beside
Images/2201951969_0d7520d648.jpg,a boy wearing a blue wetsuit is riding a surfboard,a female surfer | a woman in a wetsuit <unk> a fish in <unk> of attention | a woman in a wetsuit in surfing in the ocean | a young woman wearing a wetsuit is in the ocean | the surfer is wearing a black body suit while picking up her board
Images/2204277704_f1c8c741ed.jpg,a young boy jumps from a bunk bed,a boy in a fancy living room jumps from couch to couch | a little boy in a yellow shirt and green shorts jumping on the couch | a young boy leaps from one couch to another | a young boy wearing a yellow shirt is jumping from chair to couch | young boy wearing a yellow shirt jumps onto the brown couch
Images/2206594874_5e0087c6b7.jpg,a man and woman sit in front of a table with a beer,a couple sits at a <unk> table in a busy restaurant | a couple sits at a table for lunch in a mall | a man and woman sit at a table in a restaurant | a man and woman sit at a table inside a fast food restaurant | the man wearing black makes a face as the woman across from him speaks
Images/2219959872_988e6d498e.jpg,a man in a white shirt and a man in a black shirt is standing in front of a building,a man and two kids standing in front of an <unk> building | a man in a red <unk> shirt poses for a picture beside a stone building whilst other people pass by | a man in a red shirt is standing with two <unk> in front of an old structure | a man poses outside a <unk> location | a man wearing a sleeveless shirt and sunglasses standing next to two children
Images/2225864432_48a24f49a4.jpg,a girl with a blue shirt is eating a snack,a woman in a animal print coat standing next to a smoking woman | two women are standing and one of them is smoking | two women outside and one is smoking | two young women standing outside a blue door one smoking a cigarette | <unk> woman stand outside a building and one is smoking
Images/2226534154_cbcab7ba32.jpg,a woman in a black dress is holding a sword,a woman in a purple dress plays with her hair while waiting in a lobby | a woman in a purple dress rubs her head as other people look on | people are gathered at a bar | the woman in the purple dress is looking towards the people at the door with her hand running through her | woman at bar looks on at another woman being <unk> by a man
Images/222878446_32c6fc4bc9.jpg,a young boy wearing a red shirt is playing on a swing,two bald men on a park bench wearing small yellow traffic cones | two <unk> take a break at the birthday party | two men wearing cone hats sit on a wooden bench | two men wearing yellow caution cones as hats and one is about to get hit with a ball to the | two men with strange hats sit on a bench
Images/2239938351_43c73c887c.jpg,two dogs playing with a toy,a big black dog carries a blue ball while two <unk> run at his side | a black doberman a brown and white corgi and a black brown and white corgi play with a blue ball | three dogs one of whom has a blue ball | three dogs on grass one with a blue ball in its mouth | three dogs playing with a blue ball
Images/2241768909_3d96d48417.jpg,a man and a woman wearing winter coats are standing in front of a large tent,a guy is staring at a blonde lady in a blue jacket | a man stands next to a lady with a dog hat | a man walks next to the girl wearing headphones on a <unk> day | a man with glasses and a woman wearing a hat that looks like a dog are outside in the snow | a woman with a <unk> hat and headphones is in front of a man outside in the snow
Images/2242863004_3a9f82a31f.jpg,a brown and black dog is running through a field,a dog attempting to chew on a red ball | a dog with a red ball | a german shepherd is playing with a red ball | a german shepherd is playing with a red ball | a german <unk> dog <unk> a large red ball
Images/2245914678_1f82fc3d80.jpg,a man and a woman are sitting on a couch,a girl with dyed red hair wearing striped clothing talking on a cellphone | a girl with read dreadlocks is talking on the phone | a red haired girl with a black and white striped shirt talking on a cellphone | a woman with bright red hair and striped clothing talks on a phone | a woman with red hair and a black striped shirt talking on the phone
Images/224702241_05af393148.jpg,a dog in a snowy area,a blond dog walks in a creek with banks filled with snow | a blonde dog makes his way up an icy stream with snow <unk> up on the sides | a tan dog walks down a stream between <unk> of snow | brown dog walks through river between <unk> | the dog walks through the cold water
Images/2247192427_5e106f24a9.jpg,a basketball player in white is defending the basketball,children play basketball on a court | four young boys play basketball | several children are playing a basketball game on a basketball court | three small boys play basketball indoors | three small boys playing basketball
Images/2251747182_6b67a3ab8b.jpg,a basketball player in white is defending the ball,a boy playing basketball in a gym | a young boy holding a basketball about to shoot | a young boy playing basketball is getting ready to take a shot | the boy in the white jersey is dribbling the orange <unk> basketball | the little boy in the red shorts is going to shoot a basket
Images/2255266906_8222af18b9.jpg,two people are walking on a tree stump,a bird sits in a leafless tree | a bird sits in a tree | a black bird sits in a dead tree | a black bird sitting in a leafless tree | a grey <unk> in a bare tree
Images/2255332561_3375897ff0.jpg,a person is climbing a rock face,a lone man climbing the side of a large rock wall | a man is on the side of a mountain and hiking around huge rocks | a man stands on the rocky ledge of a large cliff | a person stands atop a rock face | the man is on the mountainside
Images/2256218522_53b92bcbb2.jpg,a black and white dog is running on the grass,a black and white dog is running through the sand at a beach | a black and white dog playing in the sand | a dog bounding across the sandy landscape in front of people watching | a dog lunges across a beach | black dog running across dirt
Images/225909073_25c3c33a29.jpg,a brown and black dog is running through the water,a black and brown dog is running out of the surf | a wet dog runs through the surf at a beach | a wet german shepherd dog is running out of the ocean with a ball in its mouth | german shepherd running in ocean surf | the german shepherd is walking in the body of water
Images/2260560631_09093be4c6.jpg,a brown dog is running along a path in a forest,a dirty dogs runs through the woods | a dog carries a stick through the woods | a dog jumping over a stick in the yard | a dog jumps over a stick in a forest | the furry dog is running through a grassy wooded area
Images/2265100168_175f8218af.jpg,a little girl is playing with a colorful ball,a laughing boy lies on a pit of blue balls | a pale boy playing in a pit of blue balls | a young boy plays in a red ball pit | blonde boy in red shirt plays inside inflatable with blue balls | two children are playing in a bin of plastic balls
Images/2272489996_95b0a62d15.jpg,a white and black dog is running through a grassy area,two black and white dogs run across a green field | two dogs are running across a grassy field | two dogs with black and white markings running with their mouths open | two terriers running in a grassy area | two white and black dogs running in the grass
Images/2273871383_1ddb3562ea.jpg,a man in a leather jacket and hat stands in front of a building,an elderly man standing near a younger man | an older gentleman in brown gives a look of <unk> to the camera | an older man <unk> the camera while a young man in a blue jacket looks on | an older man standing by a younger man with earphones | a older man in beige stands near a younger man in blue in front of a building
Images/2282260240_55387258de.jpg,a young girl in a pink dress is playing with a red ball,a little girl dances in a room with balloons on the floor | a young girl dancing in her socks on a wooden floor strewn with pink balloons | child with pink strings on head dancing surrounded by confetti balloons | little girl in brown shirt and <unk> skirt dances on wood floor | the blond girl is dancing inside a house
Images/2286823363_7d554ea740.jpg,a boy jumps from one bed to another,a little boy jumping from one chair to another | a young boy jumps from one black chair to another | a young boy is leaping from one chair to another | a young boy jumping from one chair to another in his house | a young boy leaps from chair to chair
Images/2290330500_e7bdaa58e1.jpg,a man in a blue shirt and white shorts is running with a ball in a field,a <unk> girl is hitting a volleyball | a girl in a grassy field hitting a volleyball | a woman plays volleyball | a young girl is practicing volleyball in a grass field | the girl is hitting the volleyball
Images/2295750198_6d152d7ceb.jpg,a young girl wearing a black and white coat and a backpack walks along a path,a girl is standing on one leg in the middle of the field | a girl with her leg out on a lawn | a little girl kicks into the air | a warmly dressed girl kicks up her leg outdoors | person walking in the field
Images/2295894587_2fd8faf550.jpg,two white dogs are playing in the snow,a small white dog in the snow | a white dog is running through the snow | a white dog running across the snow | the white dog is hard to see in the snow as it runs <unk> | white dog with mouth open running in the snow
Images/2298283771_fb21a4217e.jpg,a man and woman are dressed in a <unk>,a group of adults are walking | a man in a black suit looking toward a woman with long hair | a man wearing glasses and a dark coat looks at something to the left of the picture | a woman talks to a man while walking in a crowd | four people in dark clothes walk in the same direction
Images/2309327462_82a24538d4.jpg,two dogs play with a ball in the sand,a dog chases another dog | the white and brown dog is shaking its ears | two dogs are playing in a fenced in area of gravel | two dogs run in a gravel lot with a fence in the foreground | two dogs walk over the gravel yard inside a gated area
Images/2318502106_33f2e4b4fc.jpg,a man is standing on the beach with a man in the background,a man in swim trunks is juggling on the beach | a man juggles at the beach | a <unk> man juggles <unk> on the beach | a young man in swim trunks is juggling on the beach | <unk> on beach in blue swimsuit
Images/233242340_09963100a3.jpg,a dog jumps over a bar,a brown black and white dog is on a obstacle course | a dog climbs down a black ramp | a dog is running down a black and yellow ramp in an obstacle course | a dog walks down a black ramp | the black and white dog ran down the ramp
Images/233270519_d60d4518fa.jpg,a man in a white shirt and blue shorts is walking on the beach,a man in swim trunks hits a ball with a paddle while on the beach | a man is batting a ball on the beach beside the ocean | a muscular man in swim trunks plays paddle ball on the beach | man in a bathing suit holding a paddle on the beach | the man is standing on the shore hitting a ball with a paddle
Images/2332986053_864db84971.jpg,a man wearing a helmet is riding a bike,a man in an orange shirt and a blue hardhat smiles | a man smiling with a helmet on his head | a man wearing a helmet and sunglasses smiles | a man wearing an orange shirt and helmet | a man with a blue helmet and orange shirt
Images/233327292_3bcbc3783f.jpg,a group of people are sitting at a table with a microphone,a man in a grey suit kneels in front of a woman in a white dress | a man is <unk> a <unk> for a lady | a man putting a <unk> on a woman | a woman sitting in a chair while a man is <unk> her <unk> belt | man <unk> <unk> during wedding
Images/2337809114_899ba61330.jpg,a woman with a pink headband and a black shirt is holding a cup of her hair,a boy and girl are placing a red <unk> over a woman 's eyes | a girl is <unk> by a young boy and girl | a person being <unk> by a girl and a boy | three kids play one is <unk> | two young children are playing with a teenage girl who is <unk>
Images/2338627102_6708a9b4fd.jpg,two men are on a cliff overlooking the ocean,a man in a red jacket and khaki pants is walking through a part of what looks like <unk> | a man wearing jeans and a hooded long sleeved top and a backpack walks in a desert | a person with a red hooded jacket and a black backpack is walking near a rocky wall | man wearing red looks on at desert | there is a lone hiker in the middle of a <unk> with his back to the camera showing his backpack
Images/2339573065_91f1e3be60.jpg,a woman with a tattoo of a tattoo of her eyes,a <unk> haired woman wearing a black coat with coffee in her hand | a girl holds her <unk> drink in her gloved hand with a look of <unk> on her face | a woman in black holding a cup of ice cream | this woman is dressed in black and holding a cup | woman in black with beverage with blurry urban background
Images/2343525685_3eba3b6686.jpg,a man climbs up a steep rock face,a dark haired man wearing a brown shirt is free climbing a grey stone wall | a man holding on to a rock wall | a man scales a rock climbing wall | a man struggles to climb a rock wall | a man with glasses climbing a rock wall
Images/2346402952_e47d0065b6.jpg,a man and a woman are wearing a silver helmet,three people are looking into <unk> equipment | three women are looking into a camera | two women are operating a laptop connected to a camera in a parking lot with a third person standing by | two women on a movie set <unk> <unk> | two women <unk> pictures they <unk>
Images/2355578735_286af5b202.jpg,a boy with a blue shirt is smiling while holding a baby in his hand,a boy in a fuzzy goat holds a <unk> and looks at it | a boy in a grey coat holds a sea creature | a boy looks at the <unk> he is holding | a boy wearing a hooded jacket holds a <unk> | a child wearing a gray sweater holds a <unk> and looks at it
Images/236144859_52f9e38885.jpg,two black dogs are fighting with a toy,a black dog <unk> white puppies | a black dog <unk> black and white puppies | a dog <unk> her puppies | black dog with white puppies | black dog with white puppies laying on the floor
Images/2362377137_9528692825.jpg,a man in a red shirt is holding a sign that says <unk> <unk> <unk>,a busy city street with neon lights lots of people and traffic | a crowd scene in a downtown area | a group of people on the sidewalk of a city street | an opposite side street shot of <unk> 's and <unk> and <unk> 's <unk> | people are gathered on a city street with police vehicles <unk>
Images/2363006088_b3e3aa5c0b.jpg,a boy in a blue shirt is running in a field,a little boy chases chickens | a young boy chases chickens | a young boy runs after some chickens | a young boy wearing white shoes chasing after several chickens | a young child runs with chickens
Images/2363540508_9dd1ccf7c7.jpg,a child in a red shirt is swinging in a red and white bounce,a girl goes down a red slide | a girl inside a long <unk> slide | a little girl with long hear and something in her mouth wearing light colored clothing is sliding down a tunnel | a young girl going down a tube slide | young girl in tunnel slide
Images/2367816288_7c2d11d3c5.jpg,a young boy wearing a white shirt and blue shorts is jumping into a microphone,a boy <unk> a flip in the grass | a young man doing a flip on the grass | boy doing cartwheels in backyard | the boy does a flip over a grassy yard | young boy in a brown shirt doing a back flip
Images/2376878930_dd3e7cc544.jpg,a girl in a white shirt and blue pants is jumping in the air,a child holding a tennis racquet running on a tennis court | a child runs barefoot across a blacktop parking lot | a small boy runs barefoot on a concrete surface while holding a racket | a young boy playing tennis on a wet court with no shoes | boy running along court with tennis racket
Images/237953705_cfe6999307.jpg,a group of children playing with a toy,a group of young children playing in the grass with toilet paper | four children having fun outside trying to cover each other in toilet paper | kids having play fight in toilet paper <unk> | the three young children played with some toilet paper in the grass | young children playing in a pile of toilet paper
Images/2396025708_e4a72e2558.jpg,a surfer is riding a wave,a man parasails in the waves | a man rides large waves on a wind sail | a man windsurfs in the ocean | a person parasails on the <unk> of a wave | a windsurfer in the waves of the ocean
Images/2396746868_0727e06983.jpg,a young girl in a pink shirt is jumping on a white couch,a boy going down a small blue slide | a kid sliding down a slide while another kid looks on | a little boy is going down a blue slide | a little boy is watching another little boy ride on a blue slide | two little blonde boys play on a slide in the backyard
Images/239807547_4923efc821.jpg,two dogs run through the woods,two dogs fight next to rocks | two dogs playfully wrestle in a rocky setting | two dogs playing next to rocks | two dogs play on the dry ground | two dogs sit in the shade and <unk> each other 's face
Images/2399551242_c62a46dd5f.jpg,children playing in water,children in swimming suits playing in water | kids are playing in water fountains | kids in bathing suits with water splashing around them | two children are playing at a water park | young children play in the sprinkler
Images/2402744031_11f9f2f2b8.jpg,a man in a black shirt and a man in a black shirt is talking to a man in a,hooded women at event one seated next to a table with large glasses on it | people shopping at an outdoor marketplace | three women in <unk> look at somthing out of frame | two woman wearing black shoes stand together while a person sits behind them | two women in black coats standing in front of a person sitting on a box on the ground
Images/2404692474_37da774368.jpg,a dog chases a yellow toy,a dog chasing a toy duck | a dog runs across the grass to get his toy | the dog barks at the toy | the light colored dog is chasing after a toy outdoors | white dog chasing a yellow toy
Images/2407091303_931c918490.jpg,a young boy wearing a red shirt is jumping on a red and white horse,a child plays at a playground | a little boy stands wide legged each foot on each side of the tube slide | a little boy wearing a red shirt is standing on a slide | a young boy climbing in a playhouse | boy on playground equipment
Images/2410153942_ba4a136358.jpg,a man on a four wheeler is driving through a turn,a man is in a truck that is lying on its side during a truck event | a red and white car is overturned on a dirt track | a red car has rolled over on a dirt track | the vehicle is lying on its side with the driver inside | this off <unk> driver has <unk> his truck
Images/2410399168_1462c422d4.jpg,a brown dog wearing a muzzle and a muzzle,a dog jumping from another dog | one dog is jumping in the air and the other is standing next to it | the two dogs are jumping around | two dogs are playing | two large brown and white dogs are playing in a grassy area
Images/241046599_28b0ca7b9f.jpg,a brown dog is chasing after a ball,a miniature dachshund has an apron on its back | a small brown dog is running across the grass wearing a purple and green coat | a small dog wearing a purple and green cape | brown dog with green and purple cape runs on grass | the dog is wearing a purple cape
Images/2411824767_4eb1fae823.jpg,a brown and white dog is running on the beach with a stick in its mouth,a brown and white dog leaps | a brown dog is jumping over a grassy mound near to a lake | a corgi jumps off a bale of hay <unk> water and buildings behind it | a dog jumps over hay | a small brown and white dog is jumping over <unk> of hay
Images/241345639_1556a883b1.jpg,football players in red uniforms are playing football,there is a college player being tackled in a game | the two football players in white jerseys and purple pants tackle the player in the red jersey | three football players are tackling a red uniformed football player during a football game | three football players in purple uniforms try to tackle a player in a red uniform | two football players try to tackle a player of the opposite team
Images/241346580_b3c035d65c.jpg,a football player is tackled,a group of men play a college football game | a red team and a white team are playing football | football players <unk> a <unk> | the football player in red is running with the all towards the player in white | the football players are wearing red and white and the crowd is also wearing red and white
Images/241347150_5ff37818c2.jpg,a football player in a red jersey is running with the ball,a football player in a purple uniform holds the ball while a player in red tries to tackle him | a football player in white is being tackled by a oklahoma university player | an american footballer in a red outfit is attacking the player in white who is running with the ball whilst | a sooners football player is tackling an opposing player | the <unk> is tackled after making the catch
Images/241347204_007d83e252.jpg,football players in red uniforms,a football player in red and white is holding both hands up | football players gather around the <unk> | football players gathering to <unk> something to <unk> <unk> | oklahoma university football players in front of a crowd of sooners fans and next to three <unk> | the red and white football team is talking with the <unk>
Images/241347300_7c84ecf764.jpg,a football player is being tackled by a football player in a game,a football player being tackled from behind by another player from a different team in front of a crowd | a football player in a sooners jersey runs down a field with a large crowd in the background | a football player in red being tackled by <unk> in white | a football player wearing a number 23 white jersey tackles a football player wearing a red number three jersey while | a football tackle in progress with a crowd in the background
Images/241347441_d3dd9b129f.jpg,a football player in a red jersey is guarding the player in white for the ball,a football player for the sooners is preparing for the next play during a game | a football player in a sooners uniform | a football player wearing a sooners uniform with the number <unk> | a man in a red football uniform prepares to play | the football player dressed in red looks down field
Images/241347611_cb265be138.jpg,a football player in a red jersey is running with the ball,a coach in a white polo shirt on a football field | a football coach is walking on a football field | a man in a white shirt is walking on a football field in front of some players | a man on the <unk> <unk> for <unk> has sunglasses on his head during a football game | a team <unk> out on the football field during a game
Images/241347635_e691395c2f.jpg,a man in a white uniform is playing cricket,a man in sunglasses blue shirt and beige pants walks across an athletic field | a man is walking along a field | a man walks down a field with a crowd in the stands behind him | the head coach is walking out on the field | the man with the white pants and blue nike shirt has a whistle around his neck
Images/2417341107_97dbab9c5e.jpg,a girl in a bathing suit jumps in the air on the beach,a boy in black clothes is doing a cartwheel on the beach | a kid is doing a hand stand on the beach | a person with black shorts and shirt does a handstand on the beach | a young boy doing a handstand on the beach | the person is doing a handstand on the beach
Images/2419186511_f0ce5f9685.jpg,a baby in a blue and white flowered shirt is blowing bubbles,a baby is taking a bath in a bowl full of water | a baby who is sticking out its tongue is being held inside a bowl of water | a cute baby takes a bath in a large clear bowl | a little baby is taking a bath in a large <unk> bowl filled with water | a smiling baby is sitting in a large plastic tub of water
Images/2419591925_1038c6c570.jpg,a woman in a yellow shirt is sitting in a blue chair,a boy in a brown jacket is standing on chains between two wooden posts | a child standing on a heavy chain fence at a dock | a little boy climbing over a chain fence | a little boy standing and playing on a chained fence | boy climbing on a chain fence
Images/2423138514_950f79e432.jpg,two boys in black swim trunks are in a swimming pool,two naked boys at a pool | two naked boys smiling and playing | two naked children one with a mark on his chest | two naked young boys play in the water | two young naked boys are wet while one raises his arm
Images/2428959030_bdffc2812e.jpg,a young man jumps on a skateboard,a boy rides his skateboard up an incline next to a fence | a teenage boy skateboards by a fence | a teenager is riding a skateboard alongside a metal fence | a young man with a black striped shirt on skateboarding on a wall | boy skateboarding on ledge
Images/2429272699_8a9699775e.jpg,a young man wearing a black shirt and a white shirt and black pants is walking on the street,a man in a striped scarf walking down the sidewalk | a man in black with a scarf walks down a street | a man walks down the street | a man wearing black walks down the street | a young man wearing jeans and jacket walking down a street
Images/2432061076_0955d52854.jpg,a brown dog is playing with a ball on the beach,a brown dog runs through the water on a beach | a dog in the water near the beach with an urban horizon behind | a dog running in the surf | tan and white dog running in water | the large brown and white dog splashes on the shore
Images/2432709509_2a4d0c833f.jpg,a young boy wearing a red shirt is playing with a red and white toy,a child is crying in a low cut field with a <unk> pipe nearby | a child is sitting on the grass by a concrete storm drain | a young boy sitting is a field with a drain pipe in the background | baby by <unk> drain cries | the young child is sitting on the grass in a park
Images/2437266971_b91a8f9a00.jpg,two women in black robes and one is holding a drink,a man hands out <unk> while wearing a mask | a man in a blue shirt and tie is wearing a white mask whilst handing out papers | a man in a button up shirt and tie is wearing a smiling mask | a <unk> man in blue shirt and a tie holding papers in front of him | man in business attire with guy <unk> mask holding paper at protest
Images/2444821454_22a346c996.jpg,a black and white dog jumps in the air to catch a frisbee,a black and white dog is in the grass with a red striped disk | a black and white dog jumping in the grass after a frisbee | a black and white dog jumps in the air near a red frisbee | a dog is on his hind legs and a frisbee is near the ground | a dog jumping for a frisbee in a field
Images/2445283938_ff477c7952.jpg,two girls are sitting on a couch,a group of girls sit back to back | a group of girls sitting in a circle | little girl in bare feet sitting in a circle | little girls sitting in a circle on wooden floor surrounded by <unk> area | the young girls sat in a circle on the wood floor
Images/244867897_d00369a779.jpg,two dogs play with a toy,two brown dogs fight over some cloth | two dogs are fighting over a plastic bag | two dogs fight over a bag on a wooden deck | two golden dogs are chewing a white cushion on a wooden patio | two medium sized light brown dogs are playing tug of war with a dish cloth
Images/2448793019_5881c025f9.jpg,a small child is playing in a water park,a child with wild hair and sunglasses getting off a blue slide | a small child at the bottom of a slide has hair sticking up | a young child in blue jeans sliding down a blue slide | a young child wearing sunglasses is at the base of a blue slide | distorted photograph of a child at the bottom of a slide
Images/2451114871_8617ae2f16.jpg,a group of dogs racing on a track,dogs run at a dog racetrack | dogs with muzzles are racing around a sandy track | four dogs in blue green red and black jerseys are racing | four dogs race around a turn | greyhounds racing chasing a <unk> rabbit around the track
Images/2452238877_2340609c6e.jpg,a brown dog is jumping up in the air to catch a toy,a dog jumps off a wooden porch | a gold dog jumping off a wooden porch | a golden retriever is jumping off a wooden porch | a golden retriever jumping off a wood porch | brown dog jumping off of a deck
Images/2455528149_6c3477fd33.jpg,a woman is sitting in a chair on a playground,a <unk> man is passing by two people at an art gallery | a man and woman are looking at artwork that is on <unk> and <unk> to a fencing wall | a man with a basket is walking through an are gallery | people <unk> <unk> on the street | some people are looking at pictures at an art gallery
Images/2458033289_f0616879df.jpg,a man in a white shirt and sunglasses is talking to a man in a wheelchair,a man in a hat standing in front of a tire shop | a man standing in front of a garage | a man with a beard stands in front of a used tires business | the man at the used tire shop has a white beard | the man with a white beard and blue cap is standing in the doorway of a <unk>
Images/2460159430_71ab1aacfa.jpg,two dogs are running through the grass,a brown dog races through a field | a brown dog running through the tall grass | a dog running in long grass a <unk> <unk> behind it | a tan dog is bounding through grass | two dogs running through tall grass
Images/2462153092_e3f4d8f6a2.jpg,four children playing in a field,a girl in purple pants running with two dogs | a girl is running through a field with a brown dog and white dog running beside her | a girl running outside with three dogs | a girl runs with dogs in a dry field | girl running through a field with a brown dog and a white dog
Images/2467850190_07a74d89b7.jpg,a black dog is playing with a white and blue toy,a dog and a person look under the <unk> | a dog and a woman bending over | a woman and a dog both kneel with their heads down and butt in the air | a woman and a dog both with the <unk> turned towards the camera | the backs of a woman and a dog
Images/2470493181_2efbbf17bd.jpg,a woman is holding a rope over a volleyball net at a beach,two boys are standing on a balance beam while playing with a green rope | two boys holding a green rope and competing against each other on a balancing rod while others look on | two boys on a balance beam holding a rope | two kids are balancing on a log and holding a rope | two young boys playing a game on a log while other kids look on
Images/247097023_e656d5854d.jpg,a woman in a white shirt and jeans is standing on a rock overlooking a lake,a man in a dark shirt and shorts is standing on top of a high graffitied rock | a man in black standing on a rock with the <unk> life is short spray painted on it | a man is standing on rocks which are <unk> with the <unk> life is short on the side | a man stands on a rock and takes in the view | a man wearing a black shirt is standing on top of a rock that says life is short
Images/2471974379_a4a4d2b389.jpg,a man in a red shirt and black pants is riding a motorcycle,a group of motorcycles wearing black | bikers are seen riding during a parade one has an american flag | man carrying american flag rides motorbike | many motorcyclists ride along the street | people on motorcycles ride down a street with an american flag waving
Images/2472250097_a3191a94b3.jpg,a man is standing on a cliff overlooking a valley,a man carrying a fishing pole silhouetted against a bright blue sky | a person stands on a hill surrounded by blue skies and clouds | a person with a fishing pole is backlit against a blue cloudy sky | a person with a fishing pole silhouetted in front of a blue sky | a silhouette of a man with a fishing pole
Images/2473738924_eca928d12f.jpg,two girls in white are defending up a <unk>,two girls in karate uniforms struggle in a <unk> | two little girls are dressed in white karate uniforms | two little girls practice martial arts | two little girls <unk> in a karate <unk> | two young girls sparring in white martial arts outfits while a third person watches from the side
Images/2474918824_88660c7757.jpg,a man in a white shirt and blue pants is rock climbing,a guy tries to climb a stone cliff while his friend helps him | a man in a red shirt climbs a rock while another man stands behind to help him | a man in a red shirt is learning how to climb a cliff | a man in brown is helping a man in red climb a rock | a man wearing a brown sweatshirt helps a man in red climb a rock
Images/247691240_3881777ab8.jpg,a man in a red shirt is climbing a rock face,a guy is rock climbing | a man is rock climbing | a man rock climbing | a young man in a blue short sleeved shirt climbs up a rock face with no ropes | there is a man in a light shirt climbing a rocky cliff
Images/247706586_7e25c7adf8.jpg,a man is climbing up a sheer cliff face,a man in a blue shirt and jeans poses by large mossy rocks | a man is laying under a large mossy rock in the forest | a man is sitting on rock <unk> | a man lying in the middle of a hug rock | a man sits underneath a large and colorful rock formation
Images/2478929971_9eb6c074b6.jpg,a group of young men and women are playing a game of a <unk>,a girl dancing with four boys watching | a group of boys and girls sit and talk together under a tree | a group of teenagers stand in a park | teenagers socializing in the shade | the six kids are in the shade of a leafy green tree
Images/2480668859_6f9b46be6a.jpg,a group of people are paddling a boat on the water,a group of people rowing a boat | a group of people rowing a large rowboat in the lake | a skull of <unk> on a lake | a team paddles their long boat through the water with trees behind | many people ride in a canoe near a forest
Images/2480832276_fa55480ecb.jpg,a boy in a red shirt is climbing a tree,a man in a red shirt climbs a rock in the background a tree in the foreground | a person climbing a boulder behind a tree | a person climbs a big rock under a tree | a person jumping in a rock and <unk> area | the boy in the red shirt climbs a large rock
Images/2484190118_e89363c465.jpg,a young boy wearing a white shirt and jeans is standing on the sidewalk,a boy with his hands above his head stands on a cement pillar above the <unk> | a child in colorful shorts is standing on a post in the street | a small boy stands on a cement stump in a park with his hands on his head | a young man wearing a white t shirt and green and black shorts standing on a stump | small child in white shirt and print shorts with hands over their head standing on object
Images/2486364531_b482d7f521.jpg,a young girl is playing with a baseball bat,a little boy wearing an orange shirt and white shorts jumps barefoot on a plastic jumper on top of the | a young boy in a red shirt plays on a mini trampoline in a grassy field | boy wearing a red shirt standing on a plastic object and holding a yellow toy shovel | boy with yellow toy in hand jumps on a toy on green grass | young boy bouncing off a trampoline
Images/2500826039_165e75b20c.jpg,two young girls are sitting on a table and eats,a couple kisses | a couple kisses on a busy sidewalk | a couple kisses on the busy street | a man and a woman with a purse on her shoulder kissing each other while standing in a crowd | the couple embrace on the street
Images/2518094853_dfce24ce8c.jpg,a brown dog is running on a grassy field,a beige dog with his tongue out is leaping in the air above the grass | a big tan dog runs through a grass field with his tongue hanging | a brown dog runs through a field | a tan dog running through a grassy field with trees in the background | large dog running in the field
Images/2518853257_02f30e282e.jpg,a woman sits on a bench and eats a book,two individuals sit on a park bench | two people in chairs reading | two people in lawn chairs reading books | two people with brown hair sitting on chairs and huddled over book near flowers | two women on green chairs are looking at a book
Images/2520909293_9bb7f7364e.jpg,a man is jumping a bike in the air,a guy in a yellow shirt with a bike gets very high in the air | a man in midair holding his bike 's handlebars | a man is performing a trick high in the air with a bicycle | a man wearing a yellow shirt is doing a trick high in the air with his bike | man holding onto bike handlebars while in midair
Images/2521938802_853224f378.jpg,a baseball player in blue and white uniform is holding a baseball,a cricket batsman swinging | a man playing cricket | a man wearing a baseball uniform swings back with a large bat | a man wearing white clothes playing cricket | the baseball player holds up his bat ready to swing
Images/2522540026_6ee8ab4c6a.jpg,a race car spins on the track,a race car moves down the road as two people watch from a distance | a race car numbered <unk> is <unk> a bend as two people watch and take pictures | a silver and blue rally car is passing two spectators who are standing at the roadside | blue and silver car going around curve being watched by people standing in grass | silver and blue car marked <unk> raises dust on road as two background people watch
Images/2525232298_cf42d415ab.jpg,a man climbs up a steep rock face,a man climbs large rocks | a man in dark clothes appears to be climbing rocks | a man is rock climbing on a natural rock | a man rock climbs | this picture <unk> looking up at a rock climber
Images/2525716531_e6dedee421.jpg,a woman with a black and white dog is running on a grassy hill,a man in a safety suit training a police german shephard | a man trains a dog to attack | a man wearing padded arm protection is being bitten by a german shepherd dog | a man wearing pads on his <unk> is being bitten by a dog | a man with a <unk> glove is bitten by a dog
Images/2526585002_10987a63f3.jpg,two men in white suits are sitting on a boat,a group of men in a yellow boat with their dogs | the men <unk> hands while another man and dogs look on | the three men and three dogs <unk> in the yellow boat | three men in team uniforms are surrounding a yellow dog in a boat | two men huddle around a dog
Images/2527303359_6c3dc3f282.jpg,a woman in a bikini top and shorts is standing in the sand,a girl in a white dress on the beach | a girl in a white dress walks toward the water and away from white boots on a beach | a girl walking on a beach barefoot | a little girl in white leaves her boots behind as she walks in the sand | a woman in a white dress walks toward the water on a beach with white boots in the foreground
Images/2527713011_b0ec25aa54.jpg,a red race car marked up dust on a racetrack,a black and white rally car takes the turn | a <unk> group race car | the black and white race car is going fast around the track while fans watch nearby | the black and white race car is <unk> the turn | the race car is speeding up the hill
Images/252846811_7b250935a7.jpg,a brown dog is playing with a ball in the grass,two brown dogs play rough on green grass | two dogs play | two tan colored dogs are <unk> outdoors | two tan dogs play on the grass near the wall | two yellow dogs play fighting
Images/2528489543_546c1ca81f.jpg,a child is sliding down a slide into a pool,a boy splashes into a pool ejected from a water slide | a boy stands in the pool at the bottom of a blue water slide | a child makes a splash in the pool as he emerges from the water <unk> | a girl splashes in the water near a big blue water slide | one blue and one green water slide
Images/2532294586_4cd76a837d.jpg,a young girl wearing a pink shirt and blue pants is swinging on a rope,a little girl dressed in pink swings on a swing | a young girl rides a rubber horse | a young girl wearing pink rides a swing and smiles | little girl in pink is on a ride | the girl in pink smiles as she rides on a black swing
Images/2533076864_d799996433.jpg,a man wearing a white shirt and jeans is sitting on a bench,a lady digs through a garbage can looking to <unk> to the shopping cart beside her | an elderly woman <unk> <unk> trash | a woman <unk> for cans in the trash to put in her grocery cart | a woman with a shopping cart is <unk> through a trashcan | bag lady going through the trash
Images/2534502836_7a75305655.jpg,a brown and white dog is running through a field of green grass,a medium sized brown and white <unk> dog is running through tall grass | a single tan and white dog <unk> through tall green grass | a small brown and white dog running through tall grass | a small dog runs through a grassy field | a white and tan dog runs through the tall green grass
Images/2541701582_0a651c380f.jpg,a man and woman are walking on a road,a couple ride bikes next to an orange fence by the ocean | a man and a woman ride bikes on the boardwalk | a middle aged man and woman ride bikes down a road beside the water | an older man and woman ride bikes on the boardwalk near the ocean | man and woman riding bikes on paved fenced path near ocean
Images/2548777800_d7b9cf1c2b.jpg,a boy wearing a red shirt is playing with a baseball,a boy celebrating with paint on his face and clothing | boy covered in finger paint | closeup of young boy with his face and body painted | the boy has orange paint on him | the boy wearing orange face paint is carrying a toy fish in around his next
Images/2554570943_122da6438f.jpg,a woman is riding a red atv through a green tunnel,a child climbs up the inside of a red tube in a play structure | a child in a yellow shirt and blue jeans climbs through a red playground tunnel | a girl climbs through a red plastic tunnel on a playground | a girl climbs up a red slide | child climbs the inside of a red slide
Images/2559114800_17310f3015.jpg,two dogs racing on the grass,greyhounds take a corner at a race | three dogs are competing in a dog race | three dogs racing <unk> around a racetrack | three dogs round a bend at a racetrack | three dogs running on a racetrack
Images/2561334141_0aacefa5e7.jpg,a man in a wetsuit is throwing a ball into the air on a beach,a man holds a ball in the air for a brown dog to catch on the beach | a man in jeans plays with a white and brown dog at the beach | a man playing with a ball toy with his brown dog | a man plays with his dog making him jump for food | a man with a stick and ball is playing with his dog at the beach
Images/2561341745_2d77d3ff7d.jpg,a woman wearing a red shirt and a white shirt is standing in front of a brick wall,a thin girl in black smokes a cigarette | a woman dressed in black and white smokes a cigarette in a grassy area | a woman wearing a plaid skirt stands holding a cigarette | the woman in the black coat is standing with a cigarette in her hand | women wearing black standing and smoking
Images/2561481438_447b852e4d.jpg,a brown and black dog is running through a grassy area,a black dog soaked in liquid jumping to the grass | a brown and black dog jumping out of a pond | a dark dog jumps out of the water and onto the grass | a dog playing in water | a wet brown dog is jumping from some water onto the grass
Images/2562166462_b43b141d40.jpg,a man in a blue shirt and sunglasses sits on a bench,a man in a hooded jacket sits alone on a park bench | a man in a purple jacket is sitting on a wooden bench with a large tree to his left | a man sits on a wooden bench next a tree and some <unk> | a man sitting on a bench between a tree and a bush | a man wearing a hoodie and jacket is sitting on a bench in a park
Images/2562347802_c049a2ba88.jpg,two dogs run through the dirt,the dogs are walking in the desert | two dogs are walking away from the camera through shrubs and grass | two dogs playing outside | two dogs run across dry ground | two dogs walking along dirt path
Images/256283122_a4ef4a17cb.jpg,two men playing baseball,a dog leaps over a man in a white cap to catch and orange frisbee | a dog leaps over a man to catch a disc | a man wearing sunglasses kneels with one knee on the ground looks up to see a dog in the air | dog jumps over owner to catch <unk> <unk> frisbee while spectators in the park watch | several people are standing and sitting on a grassy field watching a dog jump over a man to catch an
Images/2572101672_4d699c8713.jpg,a man in a black shirt and a white shirt is standing in front of a building,a man is standing beside a large colorful <unk> containing birds | a man posing in front of a bird cage | a man standing next to a bird cage | the man in the black sweater is standing next to a green bird in a <unk> | the man is standing next to a bird cage
Images/2578834476_118585730d.jpg,a person on a bike is in the air,a boy mountain bikes down a trail | a dirt biker goes down a dirt hill | a person rides his mountain bike down a steep hill in the woods | a person with a helmet is riding a bike i the grass and dirt | the man races his bike down the hill
Images/2584020755_14e2b3e8fc.jpg,a group of young men and women are dancing,a boy poses for the camera at a party | a child is having a good time at the wedding reception | a child stands in front of a dancing wedding party | a little boy is standing in front of a wedding party laughing | the child has his mouth open and is surrounded by adults dancing
Images/2584487952_f70e5aa9bf.jpg,a dog is running through a field of green grass,a brown dog jumps high in the grass | a brown dog jumps high on a field of grass | a brown dog jumps into the grass | a dog is jumping in the air in a field of grass | a red dog jumping up in a field of tall grass
Images/2588927489_f4da2f11ec.jpg,a young boy wearing a blue shirt is blowing bubbles at a park,a little boy takes a picture at the park | a young boy is looking through binoculars at a playground | a young boy wearing a blue and red hat is using a camera near a swing set | little boy takes photos outside | the little boy is taking a picture with the camera
Images/2595713720_30534e8de2.jpg,a young girl is holding a stick for a dog to fetch,a girl in a cowboy hat with a sheep on a leash | a girl wearing a pink hat is walking beside a sheep on a dusty path | a little girl in a pink cowgirl hat and blue cast over her arm is walking a sheep | a young girl wearing a pink cowboy hat holding a sheep on a leash | the girl is wearing a pink cowgirl hat and pink boots
Images/2602679255_785b851b46.jpg,a group of young women in <unk> attire,a female on a bike is wearing black wings and a metal <unk> while others walk by | a girls in a strange outfit rides her bike | a woman in a costume riding a bike | a woman wearing a brown costume and fuzzy black wings is riding a bike | a woman wearing paint and costume pieces rides a bike on a busy street
Images/2603125422_659391f961.jpg,a woman in a red dress and black pants is walking down the street in front of a building,a car is parked in a graffiti filled street | a graffiti <unk> wall <unk> as the gathering of a few people nearby a car | four people huddle against a wall | some adults stand by a wall covered in art graffiti at night | two people talk to a street person in front of wall of graffiti
Images/2609900643_c07bcb0bae.jpg,a young girl is swinging on a swing,a girl rides a swing while another girl watches | a girl swings on a rope swing | a little girl with a yellow shirt swings while a little girl in green watches | a young girl wearing a yellow shirt swings on a tree rope | the small girl is swinging on the rope
Images/2613209320_edf6a2b7e9.jpg,a brown dog is running through the water,a brown dog is soaked and is walking out of the water | a dog walks out of the water | a long brown haired dog walking through a river | a very wet brown dog is emerging from the water | a wet dog walks out of the water
Images/2618322793_5fb164d86a.jpg,a young boy wearing a red shirt swinging on a swing,a boy swinging on a swing | a boy swings in the air | a boy wearing an orange shirt is playing on a swing | a child in an orange shirt swings on a swing | a child wearing an orange shirt dark blue denim shorts and sandals rides on a swing
Images/2621771656_09a620da6d.jpg,a group of girls are dancing in a parade,a crowd of people are standing behind a railing watching something in the distance | a group of people wait behind a barricade and look toward the right | a group of people wait behind a metal fence | a group of people waiting outside a fenced in area | a group of spectators enjoying an event
Images/2623247254_3bfc795121.jpg,a man in a green shirt is eating a snack while a woman is holding a drink,a guy talks and does something with his hand while others sit near him | a young blond man sitting at a table with a brick wall in the background | a young man lights a <unk> while another looks on | two guys at a bar one dark skinned and one light skinned | two men are sitting next to each other near to a <unk> machine
Images/2623930900_b9df917b82.jpg,a man with a mohawk hairstyle and a woman wearing a red shirt,a man who has a gray beard and gray hair laughs while wearing a purple shirt | a man with a <unk> beard and pink shirt is smiling | a man with <unk> hair and facial hair in a crowd of people is smiling | a man with <unk> gray hair laughing | an old man with white long hair and a white long beard
Images/2624457062_89efc497a8.jpg,a woman in a green shirt is standing in front of a building,a <unk> up painted white brick building with a man standing in front | a man poses in front of a run down house | an older looking man with glasses and a white <unk> is in front of an <unk> building | an older man stands outside a old <unk> up building | an old man stands in front of a <unk> building
Images/2629445284_83390e83af.jpg,a dog jumps over a hurdle,a black and white dog jumps over a hurdle | a black dog jumps over hurdles | a black white and brown tri colored mid sized dog jumps over a red and white jump in a field | a dog is jumping over a barrier at a agility competition | a dog jumping over an obstacle course fence
Images/2632381125_de32bdfdf6.jpg,a brown dog is digging a hole in the water,two brown dogs play with a frisbee in the water | two dogs biting on a frisbee in the pond | two dogs both fighting for control of a frisbee while in a lake | two dogs play tug of war with a disc in knee high water | two large dogs fighting over a frisbee in the water
Images/2635938723_11b85e6763.jpg,a young boy and girl are sitting on a red couch,a dark headed boy is eating a large red <unk> | a little boy is eating a red <unk> | dark haired child eating a frozen treat | little boy eating a red <unk> | the wide eyed little boy is eating a red <unk>
Images/2643263887_a32ffb878f.jpg,a young boy in a blue shirt is jumping into a pool,a boy going down a water slide | a boy in green trunks slides down a water slide | a boy slides down an inflatable water slide | a child reaches the bottom of an inflatable slide | a young boy smiling as he rides down an inflatable water slide
Images/2646046871_c3a5dbb971.jpg,a young boy wearing a white shirt and blue shorts is playing with a ball,a boy in an open hawaiian shirt is making the <unk> <unk> with his hand | a boy wearing a flowered shirt raises his arm and jumps | a child in hawaiian clothing jumps and poses in a low cut yard nearby a fence and building | a child jumping in the air with his or her shirt flying open | the boy with his shirt <unk> is stretching his arm in the air
Images/2647593678_1fa3bb516c.jpg,a woman is petting a dog with a frisbee in front of a dog,a woman is clapping her hands while running in front of a running brown dog | a woman leads a small dog through an agility competition | the little red dog is running a course in front of blue tents | woman leading her small dog through an obstacle course | woman on grass playing with small dog
Images/2650568697_ffb79bf2ea.jpg,two men walking on a street corner,two guys are posing next to each other on the steps of a building with traffic behind them | two men are sitting on steps in front of a city building | two men pose at the bottom of a set of steps in a <unk> area | two men sit together beside stone steps in an urban setting | two men sit together on a set of steps outside near a street
Images/2655196158_5c878a4af0.jpg,a dog is laying on its back in the grass,a dog chews on a toy on a blue blanket | a dog is laying on a blue rug chewing and making a mess | a gray dog chewing on a toy | a grey dog with blue eyes laying on a bright blue carpet while chewing on something | the gray blue eyed hound puppy is laying on a blue carpet chewing on a toy
Images/2659554389_ed3d15093f.jpg,a girl with a brown and white dog on a red blanket,a girl is feeding a camel | a little girl feeds a | a little girl in a purple t shirt feeds an animal | a young girl feeding a camel | the girl is at a petting <unk> and feeding a camel
Images/2660008870_b672a4c76a.jpg,a boy is diving into a swimming pool,a boy is making a splash in a swimming pool | a child is splashed by water in an indoor swimming pool | a little boy is jumping out of the pool | a redheaded boy has just come up from under the water in a pool | a young boy playing in a swimming pool
Images/2661138991_d55aa0e5dc.jpg,a young boy wearing a red shirt and blue jeans is sitting in a chair,a <unk> relaxes and waits at an airport | a man dressed in military uniform sits down and looks through some papers | a man in army <unk> is reading something while laying on the floor | a soldier is looking out of a window | the soldier looks out the window as he sits with his legs crossed
Images/2661489896_cc3425777e.jpg,a young girl wearing a pink shirt and blue pants is running on the grass,a boy in shorts stands arms <unk> on a roadway | a child <unk> on the road | a child in white shorts and a blue shirt is standing in the street | a young boy wearing a hat dancing in the street | small boy is eating a lollipop and dancing in the street
Images/2662890367_382eaf83bd.jpg,a dog chases a ball,a man is laying down on grass near trees and a hose | a man is lying the grass with long hair and beard | a person lays in the grass | a person lies in a grassy area near a building | one man lying of the ground in the grass surrounded by trees
Images/2665461736_595c87f0a3.jpg,two men in black suits are playing a game with a man in the background,a man in a yellow coat <unk> a fire a boy in a parka watches | a person cooking on a fire while a small child watches | a person holds a frying pan over an open fire as a child watches | the adult <unk> over the fire as the child looks on | the man in the yellow jacket is cooking over an open fire as the little boy watches
Images/2665586311_9a5f4e3fbe.jpg,a man is climbing up a rock wall,a girl in pink pants running an ornate <unk> <unk> in the background | the girl dressed in purple walks through the alley followed by a girl in pink | two children within the <unk> of a building | two girls one running away from the wall | two little girls play around an old <unk> building
Images/2684323357_c7a6d05d05.jpg,two women in dresses are posing for a picture,a female in blue jean shorts and a black top sitting in a wicker chair | a girl with a newspaper in a cafe | a happy woman wearing a black tank top is sitting in a wicker chair | a woman in a black shirt is sitting on her feet in a wooden chair | a woman sitting in a chair and smiling at the camera
Images/2689163361_4939875be5.jpg,a girl in a red shirt is swinging a red plastic rope,a girl wearing a bright pink top is spinning a colorful ribbon around her body | a little girl in a pink shirt and a jean skirt is playing with a ribbon wand outside | the girl in the pink shirt is twirling a ribbon | the girl is twirling long colorful <unk> | young girl playing with <unk>
Images/2689358407_9932f1b20c.jpg,a boy and a girl play in the water,a young boy plays in the water fountain | a young boy running through a water fountain | two boys are playing in a sprinkler | two boys play in a park fountain | two children run through a sprinkler
Images/2695093520_5cfeb0729d.jpg,four people walking on the street with a city skyline behind them,a couple are holding hands next to a very large mirror outdoors | a couple stands in the street with their backs to a large mirror | a girl wearing a red shirt holding the hand of a man near a street | a man in a white shirt and sunglasses is holding hands with a woman wearing a red shirt outside | a woman in a red shirt and a man in white stand in front of a mirror
Images/2699125097_c6801d80ed.jpg,a man in a black shirt and sunglasses is holding a drink,a bare <unk> man with a mohawk beard and glasses | a large man with a mohawk and two <unk> rings | an older man with his <unk> <unk> stands shirtless | a <unk> man with dark glasses on <unk> style hair and tattoos on arms and chest | the man with a shaved head and <unk> <unk> is wearing sunglasses
Images/2704362232_7d84503433.jpg,a boy in a swimming pool,a brown and white dog is playing in a pool with a man | a man and a dog are in a pool together | a man and dog are splashing in a swimming pool | a man is standing in the pool behind the dog that is swimming | a small brown and white dog swimming through the pool next to a man
Images/2704934519_457dc38986.jpg,a young girl is splashing in a puddle in the water,a girl is shaking the water out of her hair | a girl swings her long wet hair in a lake | a girl <unk> water from her hair in a lake | a woman in a river is shaking her hair <unk> a water to spray everywhere | a woman splashes in the water
Images/2707244524_d57120d74a.jpg,a dog is running through a field,a beige dog runs through the tall grass with a tree in the background | a big tan dog runs on a field filled with grass and weeds | a dog is running through tall grass | a dog running through tall grass | a dog with blond hair and floppy ears running in a field
Images/2708582445_5e5999b956.jpg,a little girl in a yellow shirt is playing in a water slide,a girl in all blue slides down a green slide | a kid is sliding down a green slide | little girl with pigtails sliding down a green slide | the young girl enjoys the slide | the young girl in blue is having fun on a slide
Images/2710416789_555180e399.jpg,a man with a beard and a beard,a chubby asian boy is wearing glasses | a chubby looking boy with a mohawk and glasses staring at the camera with a plain look | a serious looking boy with glasses and a blue shirt poses | child with black glasses and a blue polo shirt | there is a child with glasses and tan <unk> staring at the camera
Images/2714699748_c9270dd5aa.jpg,a brown and white dog is playing with a white chew toy,two <unk> playing on the floor | two dogs are playing and wrestling with each other | two dogs are playing together on white carpet near a couch | two dogs playing on carpet | two dogs wrestle
Images/2717686269_80c4b5ac9e.jpg,a woman in a red hat and white hat and sunglasses is sitting in a red and white boat,a brown and white dog relaxes on a carpet in sunlight | a brown dog resting on a red white and blue <unk> rug | a german short haired <unk> rests on a rug by a sunny window | a small brown and white dog lines on a red area rug in a patch of sunlight | window shades cast light and shadow on a dog lying on a colorful carpet
Images/2721656220_5f4cda8bc1.jpg,a woman with a tattoo of a tattoo of her head,a lady holds a beverage | an <unk> brunette woman smiles and holds a beverage in front of her | a woman holding a drink and smiling | a woman holds a drink and smiles | this woman is wearing a white t shirt and holding a cup
Images/2728486640_cc2a31d2b0.jpg,a white dog with a collar and a white shirt is jumping in the air,a dog catching a <unk> in its mouth | a white dog catching a <unk> in his mouth | a white dog catching a treat in his mouth | a white dog is jumping for a treat | a white dog with a black collar opens its mouth wide while in front of a white building
Images/2730819220_b58af1119a.jpg,a young girl is sitting on a <unk> ride,a little girl ends up at the bottom of the slide | a little girl is just reaching the bottom of a playground slide | a little girl lands at the bottom of a slide | a young girl reaches the bottom of a slide | a young girl sliding down a tan plastic slide
Images/2730938963_c4ed3e2258.jpg,a young boy wearing a red shirt and black shorts is jumping into a swimming pool,three boys leaping into a swimming pool | three happy boys wearing blue bathing suits hold hands as they jump into an outdoors swimming pool | three little boys hold hands and jump into a pool together | three young boys hold hands as they jump into the blue pool | three young boys in blue swimming trunks hold hands and jump into an inground pool
Images/2739331794_4ae78f69a0.jpg,a motorcycle racer is being ridden around a racetrack,a man racing an orange motorcycle | a man riding an orange and white motorcycle | a motorcyclist races around a track | an orange and white motorcycle is being ridden on a racetrack | someone is driving an orange motorbike along pavement
Images/2744330402_824240184c.jpg,several people are rafting down a river,a boat with people and their belongings is in the water | a brown boat is packed with <unk> and people | a large group of people and <unk> packed into a small boat | a lot of men and motorcycles float on a canoe | people are riding in a boat with <unk>
Images/2748435417_ea7bbcc17c.jpg,a man sits on a bench in front of a building,a skateboarder performs a trick in front of a business building | skateboarder on the gray steps on a large building | skateboarders do tricks on steps outside of building | two boys are skateboarding in front of an office building | two kids are skateboarding
Images/2755314937_1e974bf2b5.jpg,a young girl with a camera on her face is blowing bubbles,a little girl in a pink shirt sticks out her tongue | a young girl showing her purple tongue | a young girl sticking out her tongue | broken image | young blonde girl displays a colored tongue
Images/2756765580_9e57e10f0d.jpg,a young girl in a pink shirt is jumping in the air,a boy does a gymnastic trick under a tree | a boy does a <unk> touch in front of a tree | a boy in brown nearly touches his feet with his hands in the air | a boy leaping to perform a <unk> touch in front of a tree | a young man is jumping up into the air and touching his <unk>
Images/2762301555_48a0d0aa24.jpg,a young boy is playing on a basketball court,a girl is cold after coming out of the pool and is covered by a towel | a little girl is covered in a towel at a swimming pool | a toddler is with wet hair stands by swimming pool wrapped in a towel | a wet child is <unk> in a towel in front of a pool | a wet child <unk> under a towel at a pool
Images/2768972186_92787cd523.jpg,two dogs play with each other on the grass,a big dog is biting a smaller dog on the leg | a dog bites the tail of another dog | a large brown dog sniffs a small white dog 's behind | a large brown dog trying to catch a small white puppy from behind | the large brown dog is sniffing a small white dog
Images/2772532341_c4597a94ed.jpg,a man in a black shirt and a white shirt is standing in front of a building,a girl in a black outfit hula hoops while people sit at tables eating | a woman dressed in black with a hula hoop around her waist performs in front of <unk> | a woman in black hula hoops in a park | lady in black <unk> on the street | the woman hula hoops down the sidewalk
Images/2774705720_1cb85812dc.jpg,a group of people sitting in a field,a couple sits on a shaded bench with a view of trees and a large building | a couple sitting on a bench in a park | a man and a woman on a bench facing a building with trees along the front of it | two people are sitting on a wooden bench by trees in front of a white building | two people sit on a park bench <unk> the trees and large building they face
Images/2784408839_53a25a21eb.jpg,a person in a yellow shirt is sitting on a rock overlooking the ocean,a person in a blue kayak is <unk> rapids in a river | a person in a kayak is going over a small waterfall | a person kayaking down a small waterfall | a person kayak 's over a waterfall | the blue kayak is being ridden over a small waterfall
Images/2787276494_82703f570a.jpg,a young girl is jumping into a lake,a little boy in green goggles and a white life jacket jumps into the water | a little boy in red shorts jumps into the water | a person jumps off of a ledge into a body of water | boy with life jacket jumping into water | guy with ski jacket jumping off bridge into water
Images/2797188545_aeb26c54c0.jpg,two people are paddling a kayak through rough waters,a couple in a red canoe paddle down a rough river lined with trees | two <unk> in a red canoe approach a couple of large rocks in the rushing river with <unk> in the | two people are in a canoe | two people canoeing down a river in a red canoe | two people paddle a canoe down a rough stretch of river near a pine forest
Images/2797511323_bf20acab45.jpg,a white dog is running on the grass with a yellow toy in its mouth,a pale tan dog with a ball in its mouth <unk> in grass | a white dog carries a white ball in its mouth | a white dog is carrying a ball across the grass nearby a fence | the dog is holding a ball in his mouth | the white dog has a ball in its mouth
Images/2800990525_a1f8427272.jpg,a man in a black jacket is holding a sign that says <unk>,a man is walking in the street with sunglasses on top of his head | a man poses outside of some buildings | a man stands next to signs for the <unk> | a man with sunglasses on his head is standing by signs for the <unk> and ferry <unk> | a man with sunglasses on his head poses for a picture near the <unk>
Images/2806710650_e201acd913.jpg,a woman in a red shirt and white pants is standing in a field of tall grass,a person in a red striped hooded sweatshirt and jeans shorts walking on a grassy hill | a person wearing a striped shirt is walking on a hill | a woman in a striped sweater is standing on a hill | a woman walking across a hill with dark clouds in the background | one person with a pink and black striped shirt and white shorts walking up a hill
Images/2808098783_c56b44befa.jpg,a brown and white dog is standing in the middle of a room with a tile floor,a brown and white dog is licking a dog that looks very similar | a brown and white dog is licking a small brown terrier | two blurry dogs | two brown and white dogs are standing on a sidewalk | two small brown and white dogs stand together
Images/2808870080_4ea4f3327e.jpg,a brown dog is digging in the grass,a brown dog is by a fence where a brown cow is | a brown dog is sniffing the ground by a cow that is standing behind a wooden fence | a brown dog sniffing at the fence of a brown bull | a dog and cow standing at a fence | a dog sniffing the brushes while a bull looks on
Images/2825483885_3f7c54db3e.jpg,a woman rides a bike on a dirt road,a man in a dress suit is riding a bike down the paved road | a man on a bike is riding along the side of a country road | an older gentleman rides his bike along the side of a road in a rural area | an old man rides a bicycle on a country road | man riding a bicycle down a road with clouds overhead
Images/2826030193_4278ccb833.jpg,a boy in a red shirt is playing with a toy car,a baby in a red hooded sweatshirt <unk> a red mat | a baby wearing a red jacket climbs on a red table | a little kid climbs a red mat on a festive carpet | the child in the red coat laid in the red mat | the toddler is ready to climb the red piece of equipment
Images/2828583747_8cfb7217af.jpg,a young boy wearing a black shirt and red pants is standing in front of a building,a boy is walking through a parking lot filled with cars | a child in red short and orange cap in a parking lot | a young boy standing on a street watching the traffic | child with striped shirt red shorts and orange cap standing on pavement near cars | the little girl in the red skirt and striped shirt is watching the line of traffic from the side of
Images/2836325261_a3bf5c59be.jpg,two girls are standing on a sidewalk,a lady wearing a red dress is playing a bagpipe | a woman in a red dress playing an instrument | a woman in a red medieval type dress playing a bagpipe or some similar instrument | a woman in costume is playing a bagpipe | a woman wearing a red costume plays an instrument against a brick wall
Images/2836808985_b26e4ca09e.jpg,a man is sitting on a bench reading a book,a man in a flannel shirt and black pants sits on a ship looking out through the railing | a man in a flannel shirt sitting behind metal bars | a man sits with his foot on a pole and smiles | a man sitting on the ground props his feet up against the railing | a young man in a plaid shirts sits on the deck of a boat
Images/2847514745_9a35493023.jpg,a group of people in a green field,a group of people sit near a large red brick building in the grass | a red building with people sitting outside on the lawn in front | it looks like a school with children sitting outside of it | people sitting in a circle outside a large building | some students sit outside school buildings in the grass
Images/2848571082_26454cb981.jpg,a black dog is jumping in the air to catch a toy,a black and brown dog jumps in the air to catch a soccer ball | a black dog jumps to catch a ball in a yard | black dog jumps for white ball | dog jumping to catch a soccer ball | the black and brown dog jumps in the air to catch the ball
Images/2848895544_6d06210e9d.jpg,a small white and black dog jumping over a red and white toy,a small boy holding a soccer ball for another boy to kick | a very little boy is <unk> a soccer ball from going into the goal | a young boy playing goalie stops the soccer ball with his hands | children playing with a soccer ball near a goal net | two little boys in uniforms play soccer
Images/2850719435_221f15e951.jpg,a girl in a blue shirt and blue pants is swinging on a swing,a boy in a red shirt and a boy in a yellow shirt are jumping on a trampoline outside | children jump on a trampoline | kids are jumping on a blue <unk> trampoline | two children are playing on a teal trampoline near greenery | two young boys jumps on a trampoline as two other children sit on it
Images/2852982055_8112d0964f.jpg,four children play in a fountain,a woman is looking away from two small children playing in a fountain | two children and an adult are near the fountain | two children and a woman are playing in a water fountain | two children playing in public fountains | woman with two children playing in outdoor fountain
Images/285306009_f6ddabe687.jpg,a man sits on a bench in front of a building,a man in a cap and shorts sits on a metal bench reading a newspaper | a man in a t shirt shorts and cap sitting on a park bench reading a paper | a man reads the paper on a wood an <unk> park bench | a man sits on a bench near a sidewalk reading a newspaper | a man sits on a bench reading a newspaper
Images/2855727603_e917ded363.jpg,a brown dog is running through the water,a black dog splashes in the water | a brown dog walking in a river with trees in the background | a large brown dog plays in the water | a large <unk> brown dog is standing in the water | the large brown dog is walking into a shallow lake
Images/2856699493_65edef80a1.jpg,a man in a red jacket is talking to a man who is holding a cellphone,a man talks to a woman wearing a backpack | a woman with a bag talks to a man on a bicycle near a street | man riding a bicycle as woman walks beside him on a street | the woman carrying a backpack is facing the camera while the man is turned away | the woman in the white shirt and black backpack is walking with the man in the blue shirt
Images/2860041212_797afd6ccf.jpg,a black dog is running in the grass,a black dog has caught a bird in its mouth | a black dog in tall grass with a bird in its mouth | a black dog standing in a field is holding a bird in his mouth | black retriever stands in the grass holding a bird in its mouth | the black dog in the field has something in its mouth
Images/2861413434_f0e2a10179.jpg,a young boy wearing a red shirt and blue shorts is playing baseball,a boy wearing a blue jacket swings a bat at a white ball | a little boy in a blue coat hits a ball with a stick | a little boy in a blue jacket hits a baseball | a young boy in a blue jacket swings a bat at a ball | the boy in the blue jacket and grey cap is playing with a ball
Images/2862469183_a4334b904a.jpg,two dogs play in the grass,a big brown dog jumps over a small black dog | a big gold colored dog jumping over a smaller black dog | a large brown dog jumps over a small black dog | a large golden retriever is jumping high over another smaller black dog | large brown dog is jumping over a smaller black dog
Images/2872743471_30e0d1a90a.jpg,two men sit on a bench with a dog on a bench,four boys are playing at a playground | four boys are playing at a wooden playground | four boys playing on a merry go round in a park | four boys playing on the <unk> wheel at a park | four boys play on a merry go round at a park
Images/2882589788_cb0b407a8d.jpg,a girl in a purple shirt is playing tennis,a girl in a blue uniform raises her arm | a young cheerleader is cheering | a young female cheerleader dressed in a blue uniform is cheering in front of a group of band members | a young girl in a blue and white cheerleading costume holds her right arm up while her other hand is | girl in blue and white uniform doing cheers
Images/2882743431_c3e6cd1b5c.jpg,a brown and white dog is playing with a brown dog,a black dog bites a white dog on the grass | a brown dog is <unk> at the white dog 's face | a brown dog <unk> at a white dog | a brown dog playfully bites a white dog | one dog makes a playful bite on another dog
Images/2887171449_f54a2b9f39.jpg,a man in a white shirt and sunglasses sits in a chair,a woman sitting at a <unk> machine looks up | a woman with glasses is <unk> | a woman works by a <unk> machine | woman in colorful shirt works at <unk> machine | woman with glasses working at a <unk> machine
Images/2887798667_ce761d45e8.jpg,a young girl is riding a skateboard on a sidewalk,a guy doing a <unk> on his bike | a person in a hooded sweatshirt is doing a bicycle trick off of a wall | a person in grey is riding a bike on a brick wall | a young person riding a bike on the side of a brick wall | a youth on a bicycle wearing a white sweater riding along a wall
Images/2888658480_e922a3dec2.jpg,a group of people are wading in a river,a man jumps off a rock into the water | swimmers jump from rocks above blue green water | two boys jump from rocks into a green mountain pool | two people jump off the rocks and into the greenish water below | two swimmers are jumping off the tall rock into the water
Images/2888732432_7e907a3df1.jpg,a young boy wearing a red shirt is jumping into a swimming pool,a child holding onto handles sliding across a rope | a little boy in black shorts and no shirt is holding on to handles as he flies down a rope | a young boy is holding on and riding a zip line down a hill | a young boy on a zip line with a red ladder in the background | blonde young boy rides a zip line in the woods
Images/288880576_818b6ecfef.jpg,a man is climbing up a rock face,a climber approaches the top of a cliff high above the surrounding terrain | a climber is hanging on a rocky ledge high over a bridge | a man is climbing a cliff high in the air | a man is scaling a large cliff | a mountain climber nears the top of a steep high rock face
Images/2892395757_0a1b0eedd2.jpg,a person on a motorcycle is driving on a racetrack,a bicycler is riding a bike at a racing event | a cyclist wearing a black helmet is riding by some black <unk> | a person on a bicycle goes down the street | <unk> bicycle being <unk> | man wearing helmet and racing gear on a bicycle
Images/2892413015_5ecd9d972a.jpg,a woman in a red shirt and white shorts is running in a field of red and white soccer ball,a little blonde girl going up a hill | a little girl in a green shirt and pink shorts is running up a grassy hill near a <unk> | a young girl is walking up a steep grassy hill | the child in the green shirt is running up the hill with a picnic table behind her | the little blond haired child is walking up the slope
Images/2894217628_f1a4153dca.jpg,two football players are tackling a football,a <unk> and <unk> for a football team dressed in orange white and black play while onlookers behind them watch | a <unk> launches the football forward while the <unk> checks his fingers | the football player wearing a white helmet and orange chairs swing his leg while the player next to him kneels | two football player are in the kick off position in front of a crowd | two young men on the same football team are wearing orange and white uniforms and playing on an outside field
Images/2894576909_99c85fd7a7.jpg,a person in a red kayak is paddling through the water,a kayaker crashes against the <unk> of the wave | a lone person in a red boat on a wild river with only one <unk> | a man <unk> a kayak through rough rapids | a person <unk> | this person in a red kayak faces a <unk> in the rapids
Images/2896483502_6f807bae9e.jpg,a black and white dog is jumping in the air to catch a frisbee,a black and white dog is catching a frisbee | a black and white dog is catching a frisbee | a dog catching a frisbee | a white dog with black spots catches a bright green and pink frisbee in a field | the dog jumps to catch a flying disc
Images/2902486045_6298eb22ef.jpg,a dog is jumping up to catch a red and white toy,two dogs are <unk> at a red fire hydrant | two dogs are <unk> on the red fire hydrant | two dogs <unk> on a fire hydrant | two dogs <unk> on the fire hydrant | two dogs <unk> on a red fire hydrant
Images/2903469015_a1e7d969c2.jpg,a racing dog wearing a muzzle and a muzzle,a greyhound wearing a yellow jacket runs a race | a greyhound wearing number 8 is racing | muzzled greyhounds are racing along a dog track | two greyhounds with numbers run in a race on a track | two muzzled greyhounds dogs racing around a track
Images/2905942129_2b4bf59bc0.jpg,two children are playing on a playground,a couple of smiling little boys ride together in a plastic chair swing one on the other 's lap | children swinging on a blue swing in the park | the two children swinging together on a swing | two little kids laugh on a blue swing | two smiling small children one child holding the other on a swing
Images/2909081008_9a7bfc599a.jpg,two young girls are eating corndogs,a guy is pointing with a girl sitting beside him | a man and a woman are smiling | an asian man and woman smile while the man points to something to the right of the picture | there is an asian man and woman both smiling and he is pointing at her | two people laugh
Images/2914800692_0c512d27b8.jpg,a man on a bike is jumping over a hill,a guy performing a bicycle jump trick for an audience | a man does a jump trick on a bike | a man in the air on a bmx bicycle with 4 people sitting watching him in front of an <unk> | a stunt bicyclist flies above onlookers | person on a bicycle jumping high in the air over the sign that reads <unk> others look up at him
Images/2917057791_3d68a055ca.jpg,four people are playing on a trampoline,a boy chases after a bird on a pier | a boy in a yellow shirt is looking at a bird on a wooden boardwalk | a little boy in a bright yellow shirt and blue jeans is looking at a <unk> | a little dark skinned boy in a yellow number <unk> jersey <unk> a <unk> | a young boy runs along a boardwalk towards a <unk>
Images/2919459517_b8b858afa3.jpg,a man wearing a helmet is riding a bike,a cyclist wearing blue and yellow riding past trees | a lone bicyclist wearing a helmet racing in a race | a man in blue rides a bike in a race in the forest | man with blue and yellow shirt rides bike | the man is riding a bicycle through the forest
Images/2923497185_c64004ff2d.jpg,a brown and white dog is jumping up at a black and white dog,a brown and white dog is running through a white marker in a grassy field | a brown and white dog runs through an obstacle | a brown dog is running between two grey poles that are very close together | an australian shepherd dog runs through an obstacle | long haired dog moves quickly beneath two poles
Images/2933643390_1c6086684b.jpg,two football players are tackling a football,football players wearing orange uniforms are tackling a player in a white uniform | a tackle in a football game | three <unk> in a tackle | three men are <unk> in a football game are tackling each other | two players take down the player with the ball in a football game
Images/2934000107_d2ff15c814.jpg,a black dog with a red collar is running through the water,a black dog is jumping through some water while holding a stick in his mouth | a black dog is swimming through water | a black dog jumps in a body of water with a stick in his mouth | a dog swims in the ocean | black dog jumping out of the water with a stick in his mouth
Images/2934801096_230ae78d7e.jpg,a group of people are standing on a sidewalk,a man and a boy standing in front of a sign that says hell | two males on a street corner <unk> with a billboard behind them | two males stand by a board that says hell | two people stand next to a sign that says hell made out of stars | two young men one smoking walk past a large sign that uses orange stars to <unk> hell
Images/2938072630_d641b63e4d.jpg,two people are standing on a sidewalk,an elderly man sitting on a bench | an old asian woman is sitting in front of a subway train and passengers are walking by her | an old woman sitting on a bench with people around | older asian woman sitting down while two people walk by her | older woman setting on a bench with people walking past her she is wearing a gray jacket and black pants
Images/2938316391_97382d14aa.jpg,a surfer in a black wetsuit is surfing on a white surfboard,a girl in a hoodie and bikini bottom is standing on the beach with a camera | a woman in a striped hoodie holds a camera on a beach | a woman stands on a beach with a camera | a woman takes pictures at the beach | a woman with a hooded sweatshirt and bikini bottoms holding a camera at beach side
Images/2938875913_0ed920a6be.jpg,two men playing soccer,a man in a red uniform jumps towards a soccer ball | a soccer <unk> is trying to hit a ball while an opposing team member runs behind him | a soccer player hitting the ball with his head | soccer player in red dives toward ball blocking player in blue | two soccer players <unk> as one tries to get the ball in front of the other player
Images/2939371251_f923569a72.jpg,a football player in red and white is defending on the field,a football player runs with the ball chased by members of the opposing team | a running back running with the football | many football players are running on the grassy field | men playing football | two teams compete in football
Images/2939464283_fc1a834976.jpg,a group of young men playing football,a football player catching the football | a football player in a brown jersey jumping up to catch a football | a football player jumps up to catch the ball while others run towards him | football players playing football | the football player jumps into the air to catch a football
Images/2940594396_20c40947b0.jpg,a man on a motorcycle is being ridden on a racetrack,a <unk> athlete is competing with his sponsored gear along a street lined with spectators | a man riding on a three wheeled wheelchair | a man with a helmet is racing a three wheeled bicycle | a man with no legs is in a race with his wheelchair | the <unk> biker uses his arms to move his yellow sports bike
Images/2944362789_aebbc22db4.jpg,a boy is riding his skateboard on a ramp,a man going skating down a slide while two kids look on | a skateboarder in the air at a big outdoor ramp | a skateboarder is skating down a very steep ramp in a skate park | kids play on a skateboarding ramp in front of some trees | two young males watch another male skateboarding at a skate park
Images/2951750234_a4741f708b.jpg,a woman wearing a black shirt and black pants is riding a white horse,a jockey on a black horse jumps over a hurdle | an equestrian and a horse are jumping over an obstacle | a person wearing a navy jacket and black hat jumping over a small <unk> on a horse | a show jumper is making a brown horse jump over a white fence | a woman on a horse jumps an obstacle
Images/2953861572_d654d9b6f2.jpg,a brown dog is running through the snow,a black dog with a blue tag running on a beach | a brown dog runs down the sandy beach | a brown dog runs in the sand | black dog running across sand | the brown dog is running across the sand
Images/295729735_8360f2e64c.jpg,a young boy sits on a couch and reads a book,a boy and woman sitting on a <unk> train | a woman and a boy sitting on a bus | people sitting on seats by orange pole | two people in a subway train <unk> by a seat | two people ride the train
Images/2959500257_3621429a37.jpg,a woman is riding her horse in a field,a girl is riding horseback | a girl rides on a brown horse down a forest path | a little girl is riding a horse in the woods | a view from behind of a girl with a blonde ponytail riding a dark brown horse | a young girl rides on a horse through a trail
Images/2964438493_413667c04a.jpg,two dogs playing in a field,a tan dog plays with a white dog in a baby pool | two dogs are playing in a pool | two dogs are playing outside | two dogs wrestle in a kiddie pool | two yellow dogs play in a green plastic pool
Images/2966190737_ceb6eb4b53.jpg,two men are playing baseball,a group of men play croquet | these people are in uniform at a lacrosse type game | three men in white wait to swing at a ball | two men dressed in white hit a ball while a third man walks up | two men in white are playing a game while a man behind them walks towards them
Images/2974587819_742fb7c338.jpg,a woman wearing a white shirt and sunglasses is talking to a man in a wheelchair,a group of guys play instruments outside | a group of men playing <unk> instruments | a <unk> band plays outside | group of men play musical instruments outdoors | men play <unk> outside a building
Images/2975073156_7543ed326f.jpg,a woman in a red jacket and black pants is holding a silver umbrella,young boys one boy is hitting another boy while the third boy smiles in the background | two boys fighting in a dirt paved parking lot with another boy watching | two boys in blue shirts are in front of a grey car | two boys in blue shirts fighting behind a grey car and two other children | two boys in blue shirts fighting in a parking lot
Images/2977379863_2e8d7a104e.jpg,a girl with a red helmet is smiling and holding a red and red toy,a blonde girl in a black cape stands with other children in costumes | a girl in a black cape with a group of other children | a girl in a cape along with other costumed children | a group of children dressed for halloween stand in line with the <unk> of one girl | children in costumes standing in line
Images/2978236380_fb24c43f1e.jpg,a man in a white shirt and sunglasses is playing a guitar,a man playing guitar sings into a microphone | a man plays guitar and sings into a microphone | an older man is playing a guitar and singing into a microphone | hawaiian man singing into a red microphone | the hawaiian singer belts out a <unk>
Images/2983555530_a89f1f5ed7.jpg,two <unk> are being held by a man in a red shirt,a football player folding a football during a game in the mud | american <unk> in yellow outfits are playing in a very muddy field | a young football player in a muddy yellow and blue uniform carrying a football with other muddy players run behind | football players playing in mud | football players playing in the mud
Images/2984174290_a915748d77.jpg,a man in a wetsuit is surfing in the ocean,a surfer on a blue surfboard is falling off of it as he hits a wave | a surfer rides up the wave | man falling off a blue surfboard in the ocean | the surfer is in the wave | the surfer rides a wave on a blue surfboard
Images/2992808092_5f677085b7.jpg,a soccer player in red is challenging the ball,two boys fight for the ball | two field hockey players fight for the ball | two hockey players are trying to shoot the puck on the grass | two opposing male players are chasing the ball in field hockey | two teenagers participate in a game of field hockey
Images/2993167183_2bda95fa3d.jpg,a basketball player in white is defending the ball,a miami basketball player | an orange clad miami basketball player dribbles the ball while another man blocks | a tall black man playing basketball | the basketball player is wearing an orange uniform and holding a basketball | two men play basketball
Images/299572828_4b38b80d16.jpg,a boy in a blue shirt is holding a camera,a closeup of a man that is rock climbing | a man <unk> down a tree with an <unk> | a man in a plaid shirt uses a tool by a tree | a man in plaid shirt hits a tree with an <unk> | a man is scratching a rock with a red hammer
Images/3006095077_1992b677f8.jpg,a man in a black leather jacket and sunglasses is holding a cigarette,a couple of men in hats posing for a picture by a gas station | two guys wearing jackets | two men in hats pose together | two men wearing hats | two men wearing hats stand together and smile
Images/300765528_8c8f709dda.jpg,a group of people in red and white uniforms are standing on a street,a group of <unk> in white gowns hold red flowers on the side of a street | a group of men and women are in wedding attire | line of women in white dresses holding red flowers | many <unk> line up on the street | several <unk> wearing white dresses are holding red <unk>
Images/3015898903_70bebb8903.jpg,two smiling women in black robes,a man and 2 women in dark clothing | man with red marks around mouth standing with two women who are wearing black | three people wear a lot of makeup and stand together | two women in <unk> makeup are posing next to a man in a leather jacket and red scarf | young man with red <unk> on face with two women posing in black clothing
Images/3018467501_a03d404413.jpg,two girls in pink dresses dance,a group of little girls jumping together in a backyard | several young girls playing on a trampoline with a blue covering | three girls happily jumping | three girls jumping on a trampoline | young girls play together with <unk> and joy
Images/3019199755_a984bc21b1.jpg,a woman is sitting in a car seat on a red car,a driver is at the wheel of a race car | a man inside a red race car gives a thumbs up sign | a man is in a red race car while another man is at the back of it | a man is smiling whilst sitting inside a red racing car | a race car driver smiles and gives the thumbs up before a race
Images/302241178_a582c1b953.jpg,a dog is splashing in the water,a dog in water carrying a long stick | a dog picks up a stick with his mouth while <unk> through water | a large furry dog walking through the water with a big stick in his mouth | the dog is holding a branch swimming in the river | the dog retrieves the branch from the water
Images/3024172109_a10198e1dd.jpg,a skateboarder in the air,a boy in a baseball cap jumps over a flight of stairs | a boy in a striped shirt and hat does tricks on the steps | a boy wearing a baseball cap jumps in the air near some steps | a young man jumping through the air near a staircase | there is a boy wearing jeans and a baseball cap jumping in the air
Images/3028404926_2bd27e3e83.jpg,a young man wearing a black shirt and jeans is playing a guitar,a boy turns a <unk> in a courtyard | a child turning a <unk> with benches behind him | a young boy is standing on a gray tiled area | a young boy standing in a courtyard turning a <unk> | young boy turning a <unk> in the street
Images/3030079705_0dee8a3e89.jpg,a young girl in a yellow shirt is playing in a playground,a little girl playing <unk> with her father on a blanket in the park | a little girl with her hands in the air is sitting on a man 's back while he is laying | a man lies on a blue blanket with a child on his back | a small girl sitting on a man 's back | the little girl tackles a man and makes the <unk> sign for <unk>
Images/3030793171_55cd646eed.jpg,a brown dog is running through a grassy area,a brown dog is running in a yard | a brown dog jumping through the grass | a brown dog runs in the grass with a wooden fence behind | a dog running in a fenced yard | brown dog running on grass
Images/3032790880_d216197d55.jpg,two men in red uniforms playing soccer,a soccer player in a red and white uniform was chasing the soccer ball and was <unk> by a player | the guys are playing soccer | the soccer player in purple <unk> the ball from the man in red | two soccer players are fighting over a soccer ball on a grassy field | two soccer players kick a soccer ball
Images/3033825101_44a4390f16.jpg,a baseball player in a white uniform is holding a baseball bat,a baseball pitcher is bowling the ball | a man playing baseball throwing the ball | a pitcher throws the ball | <unk> league pitcher | the guy is in a baseball uniform in a baseball field and is throwing a baseball
Images/3039209547_81cc93fbec.jpg,a man in a red jacket and a woman in a red jacket and a man in a red jacket,a closeup blurred image of a man wearing a green shirt and tan pants | a distorted picture of two men walking in the street | a man in brown pants has his picture <unk> and stretched | a man wearing <unk> pants and a green hooded sweatshirt walks down the street | a man with a dark blue jacket and brown pants stands beside another man in front of a building
Images/3040033126_9f4b88261b.jpg,a dog is splashing in the water,a brown dog jumping off a rock into a lake | a brown dog leaps into water from a rock | a dog is taking a dive into a body of water | a dog leaps over the water from a rock | the dog is leaping into the water
Images/3043904009_3b5e0412cd.jpg,a man is sitting in a chair smoking a cigarette,two men are standing in a recording studio | two men in a dim room surrounded by several computers | two men looking at each other with computer <unk> in the foreground | two men stand behind a table containing computers and <unk> | two men stand inside an enclosed area with multiple computers <unk>
Images/3046949818_245b05f507.jpg,a soccer player in red is challenging the player in white for the ball,a man attempts to push another who is carrying a ball | a soccer player prepares to tackle a player from the rival team | a soccer player pushes another player as he catches the ball | one rugby player holding a ball is getting hit from behind by another player | two players from different teams fighting for the white red and black ball
Images/3048597471_5697538daf.jpg,a brown dog is splashing in the water,a brown dog is swimming through water with an orange ball in its mouth | a dark <unk> dog holds an orange ball in his mouth while walking through water | a dog wading in the water with a ball in his mouth | a wet brownish red dog with an orange ball in his mouth is swimming in some water | brown dog in water with orange and blue ball in mouth
Images/3053813297_7ce5f87710.jpg,a woman in a brown shirt is sitting in a field of brown and white dog,a heavy set couple sitting in lawn chairs on the grass with a brown dog at their feet | an elderly man and woman are sitting on lawn chairs holding onto the leash of a brown dog | people sit in chairs at a park with a dog | people sitting in chairs while dog lies in grass | some people in a park with a dog and folding chairs
Images/3060969260_08f43e4f4f.jpg,two young men on bicycles with two other people are walking on the beach,one bicyclist runs alongside her bike while another rides up behind | one biker is running with their bike while another is riding around them | the bike rider runs with his red bike while another <unk> on him both wearing green outfits and black helmets | two biker in black green first is pushing her bike the second is riding <unk> | two people with bicycles one in front running with a bike and one in back riding
Images/3062173277_bfb5ef4c45.jpg,a group of people are sitting in a raft on the water,a group of people are rowing a boat in a <unk> | a rowing team races forward in competition with the <unk> of their <unk> in front of the boat | boat number 5 has several men with life jackets paddling the water | people in orange vests are rowing with great <unk> | several people are rowing a boat while being <unk> on by a person with a drum
Images/306315650_e064f5c677.jpg,a man in a red shirt and hat sits on a bench,a lady stands outside of a mexican market | an indian woman stands in an outdoor marketplace | a woman in <unk> does <unk> while <unk> a store | a woman is shopping in an outdoor marketplace | there is an open ' <unk> <unk> ' store with a man standing in front of it
Images/3068945309_ff0973e859.jpg,a skateboarder performs a trick in front of a crowd,a basketball player in a white uniform is making a jump shot against a team wearing black uniforms | a basketball player takes a shot | a man wearing a white uniform is trying to make a shot but the two men in black are trying | basketball players leap for the ball while the crowd watches | basketball player in white uniform leaping to make a shot while being blocked by player in black
Images/3068994801_b2bc079e67.jpg,a man in a wheelchair is riding a bike,a girl dressed in purple and blue walks beside her bike at night | a girl in <unk> colors is walking her bike in a dark area | a woman in a purple top is walking a bicycle between two stone columns | a woman walks a bicycle between some columns | a woman with a purple top and blue pants walks her bike in the shadows
Images/3071676551_a65741e372.jpg,a surfer is riding a wave,a person rides the waves on a surfboard | a person surfing | a surfer is riding a wave | a surfer riding a large wave | a surfer riding a surfboard in rough <unk>
Images/308307853_5a51fbdecc.jpg,a white dog runs on the beach,a dog plays on the beach | a white dog is running around a <unk> on a sand dune | a white dog walks across the sandy ground with a <unk> | a white poodle <unk> a sparkler <unk> in sand | poodle playing on a beach
Images/3089842255_359ccf5c40.jpg,a girl in a pink shirt is jumping in the air,a girl jumping over a red <unk> bag | a girl jumps against a punching bag in a field | a little girl pounces a punching bag on a football field | barefoot girl in a pink shirt tackles the football equipment on the field | the long haired child in the pink sweater is jumping up at a <unk> bag
Images/3090398639_68c0dfa9a5.jpg,a man on a bike is wearing a helmet and is in the air,a mountain biker is riding on a marked out competition trail in the woods | a person wearing red rides a bicycle over a dirt path | a woman rides a bike on a dirt path | bicyclist riding on a dirt race course | mountain bike riders on a dirt trail
Images/3090600019_8808fe7a9d.jpg,two women in black robes and one man in a black top,a man and a woman dressed as a <unk> and <unk> police officer | a man dresses as a <unk> and a woman dressed as a cop on a sidewalk | an <unk> police lady and a <unk> pose for a photo | man stands next to woman dressed up as a fake police officer | there is a woman in a <unk> cop 's uniform and a guy dressed as a <unk> standing outdoors
Images/3091580843_178042c50b.jpg,a woman is standing in front of a train,a man in a black jacket walks <unk> an asian market | a man walking down a street with asian shops | a man walking on the sidewalk past <unk> | a man walks in a street | a man walks on the sidewalk by a sign
Images/3094568845_d0b56c5651.jpg,a black and white rally car on a red track,a race car is spinning out in front of spectators | a racer <unk> out | a <unk> car is spinning tires on a raceway track creating smoke near a crowd | green and black car goes into wall at race | smoke comes from car in professional race
Images/3105929913_94a6882e25.jpg,two men in white shirts and sunglasses are smiling,four bald people are <unk> or <unk> | four people with shaved heads and white robes pose their hands in <unk> | four people with shaved heads and white robes <unk> | religious people wearing white with bald heads hold their hands in a <unk> position | two bald men and two bald women dressed in all white standing in a <unk> pose
Images/3106791484_13e18c33d8.jpg,a young man in a black shirt and jeans is playing with a white guitar,a blond child is jumping <unk> onto a bed | a little boy jumps onto a bed | boy in black shirt jumps onto bed from <unk> | boy is bouncing over the bed wearing a black t shirt | little blonde boy is falling onto a bed
Images/3115174046_9e96b9ce47.jpg,a skateboarder in midair,a skateboarder casts a shadow jumping down stairs | a skateboarder flies off the stairs | a skateboarder jumps a staircase | a skateboarder performing a <unk> over short stairs | skateboarder jumping down a short flight of stairs in a dimly lit <unk>
Images/3117562746_62f57a02b5.jpg,a dog in a red collar is running in the snow,a dog chases another dog | two dogs are running through the snow with ball in their mouths | two dogs holding red balls in their mouth running in the snow | two dogs in the snow | two tan dogs run in the snow carrying red balls in their mouths
Images/3122579598_14841c038a.jpg,a small white dog jumps up to catch a frisbee,a playful puppy bites the shirt of a young boy | two boys and a white dog stand in a park | two children play with a white dog | two children stand in the grass while a white dog bites one of their sweaters | two kids playing with a dog
Images/3126752627_dc2d6674da.jpg,a basketball player in white is defending the ball,a basketball player shooting while another player is trying to block his shot | a basketball player tries to block another | two basketball players reaching for a ball | two men are playing basketball | two men jump for the basketball
Images/3126773489_7ae425af17.jpg,a basketball player in white is defending the ball,a basketball player <unk> another player | a man with a basketball blocks an attempt to take his ball | man runs by other man with basketball at a game | the player in the white dribbles the ball while the player in the orange tries to stop him | two men are playing during a basketball game
Images/3127614086_9f1d3cf73d.jpg,a basketball player in white is defending the ball,a basketball player attempts to get the basketball from another player | fast <unk> basketball action | the basketball player wearing the white outfit and orange sneakers is doing a lay up | two men are playing basketball | while one ball player watches <unk> another jumps and shoots the ball toward the basket
Images/3131107810_7e9b96cddc.jpg,a young girl wearing a red hat and blue jacket is holding a cup of ice,a group of children sit against a fence covered with a blanket | four children huddle under a blanket | four children <unk> warm under a blanket | four hooded children huddle under a blanket outdoors | four warmly dressed children sit by a cement wall covered in a blue blanket
Images/3132006797_04822b5866.jpg,two little girls are playing in a foam playpen,the two children and the baby with the pink shirt are surrounded by toys | three children playing on a floor with toys | three children sitting in floor playing with several toys | three young children playing with colourful toys | two small children and a baby are playing with a lot of toys together
Images/3132760860_3e743a935d.jpg,a young man is doing a trick on a skateboard in a skate park,a boy with a board strapped to his feet does a trick while holding onto some kind of rope | a wakeboarder is leaping into the air whilst holding onto a yellow rope | girl wearing swim gear is <unk> | this boy is doing a stunt with a tow rope and skateboard | waterskier holding line mid jump and almost turned upside down
Images/3134586018_ae03ba20a0.jpg,a man and woman are dressed up in a <unk>,a couple wearing winter coats posing together | a man and woman pose for a picture together with <unk> smiling | a man has is arm around the woman who is holding a <unk> object up to her face | a man in woman dressed warmly pose for a picture | blurry photo of man and woman
Images/3134644844_493eec6cdc.jpg,a woman is eating a <unk>,a man is playing a guitar for a little girl in a hospital | a man is playing the guitar for a child in a hospital bed | a man plays a guitar for a <unk> child in a hospital | a man plays guitar for a girl in the hospital | a man with a guitar playing to an <unk> little girl in a hospital bed
Images/3139118874_599b30b116.jpg,a woman wearing a blue shirt and a black shirt is smiling,two girls pose for a picture at <unk> | two girls stand in front of a christmas tree with their arms around each other | two girls who look alike pose in front of a christmas tree | two young girls pose smiling for a picture with a christmas tree behind them | two young women smiling in front of a christmas tree
Images/3139238055_2817a0c7d8.jpg,a group of people are standing around a table with a microphone,four people make a silly pose at the dinner table | four people smile and hold golden <unk> behind their heads | friends posing for a picture while holding <unk> | two men and two women hold gold <unk> behind their heads | two men and women pose for a camera with large gold <unk> held behind their heads
Images/3145967309_b33abe4d84.jpg,a woman with a microphone is holding a microphone,a couple in an embrace looking at each other | a man and woman are dancing nearby others who are doing the same | a man in a white print shirt and a woman in a black dress dancing | a man in a white shirt is dancing with a woman in black | the red haired woman in the black dress has her arms around a man in white
Images/3148286846_40ae914172.jpg,a girl in a green shirt is riding a green raft in a green raft,two boys are sitting in a green kayak on the grass | two children are playing in a green boat on the grass | two children in green plastic boat on lawn | two children sit in a green <unk> in a yard | two young boys are in a green kayak in the grass
Images/3151365121_e2a685a666.jpg,a black and white dog is running on the beach,a black and white dog walks along a sandy beach | a dog walks along a beach | a dog walks on the sand along the water | a white dog running on the beach | the dog is walking on the sand beside the ocean
Images/3153067758_53f003b1df.jpg,a man is sitting in a chair in front of a train,a person in a red shirt holding a paper bag above a <unk> cart | a person riding <unk> catching a paper bag | a woman sitting on a bus with a paper bag hanging on a carrier | man seated on train holding onto a rolling coat rack that holds a shopping bag | woman with a brown paper bag on a bus
Images/3155451946_c0862c70cb.jpg,a basketball player in white is defending the ball,several basketball players are grabbing for the ball during a game | the basketball player in white holds the ball | three basketball players leap to grab a ball | three men are playing a game of basketball | three men are playing basketball
Images/3162045919_c2decbb69b.jpg,a surfer is riding a wave,a lone surfer on a white surfboard atop a huge wave in the ocean | a man in a wetsuit is surfing up and over a wave | a man in a wetsuit surfs | a surfer in a black wetsuit rides a wave | this is a male surfer riding against the waves
Images/3171066023_ec60ba30f3.jpg,two people are sitting on a snow covered hill,a downhill skier races near trees | a person skis down a snowy and tree filled hill | a person skis down a forested hill | a person skis through a forest of tall trees | a skier is riding skis along a tree lined trail
Images/3173014908_b3e69594b6.jpg,a skier is going down a snowy hill,a person skiing downhill in the snow | a skier <unk> up a cloud of snow | a skier traveling downhill in deep snow | someone is skiing down a step snowy hill | the skier is buried in the snow
Images/3173157541_70b16b4318.jpg,a man with a beard and a hat is sitting in front of a building,a man in a white hat is standing behind a woman with a red shawl over her head | a man with a white hat and brown shirt behind a woman in red looks to the left | a man with a white hat and plaid shirt behind a woman with a red headdress | an <unk> man in a white hat | the man with the white head piece looks left down the street
Images/3174431688_ae84778db0.jpg,a group of people are sitting on a <unk> ride,a couple standing outside in the dark near some festive lights | beautiful lights <unk> trees on a dark night | two men meet by a fountain <unk> in lights they are wearing winter coats | two people stand looking at a light sculpture at night | two people wearing black are standing in front of a lit up statue
Images/3175446111_681a89f873.jpg,a man in a red shirt is holding a drink at a bar,a lot of people playing games at an arcade | a man in blue at an arcade is playing a fishing game | a man is trying to fish for a <unk> in a fairground game | an asian man is fishing in an arcade game | the family attempts to get a <unk> at the carnival
Images/3178005751_fca19815ac.jpg,two women in black robes and one woman in a white shirt and jeans,a boy and girl both in jeans are standing in front of a fence | a girl in gray and a guy in stripes pose against a fence | a man and woman stand next two each other in front of a wood fence | smiling woman with man in striped <unk> in the park | two people posing for the picture with a few trees in the background
Images/3181599388_68559cfc17.jpg,a wrestler is being held by a group of people in a karate match,a wrestler throws another wrestler to the ground | two men <unk> in a professional wrestling match | two men in a fight in a ring | two men in midair fighting in a professional wrestling ring | two wrestlers jump in a ring while an official watches
Images/3184112120_6ddcd98016.jpg,a woman in a black dress and a white shirt and a man in a black dress,a girl is touching a man 's ear in front of a tree while another man leans in | a girl touches the side of a young man 's head while another young man watches | a young woman touching a young man 's cheek while a friend looks on | girl touches young man 's face as young man in pink shirt observes leafy background | three people are near a tree and the woman touches one of the men 's faces
Images/3184206563_5435f2b494.jpg,a woman in a white shirt and blue shorts is running through a field,a woman in a blue shirt runs through a field of dry grass | a woman in the blue sweater is running through a brown field | a woman jogging on an open field | a woman runs outside in a blue coat | the woman in the blue jacket ran through the field
Images/3185662156_c877583c53.jpg,a person in a red jacket and a red snowsuit is skiing in the snow,a boy is riding a red sledge down a snowy hill | a child in a blue jacket going down a hill on a sled | a kid riding a red sled down a snowy hill | a little kid in blue is sledding down a snowy hill | a young child is sledding down a snowy hill on a red sled
Images/3186556417_b2d6921a20.jpg,a man and a woman are playing with a ball on the beach,a boy surrounded by pigeons | a little boy is surrounded by many pigeons | a little boy wearing a blue hat and coat is standing amongst the pigeons on the street | the little boy stands in the middle of birds who have gathered on the sidewalk | the little child in the blue cap is amidst the pigeons
Images/3187395715_f2940c2b72.jpg,a man wearing a white shirt and jeans is sitting on a skateboard,a boy on skateboard is making a jump from a blue bench beside a white wall | a boy skateboarding in an urban area | a skateboarder midair with his skateboard | teen grinding a bench on a skateboard | the boy is skateboarding on the bench by the fence
Images/3188319076_71724fcc07.jpg,a brown and white dog is running through the snow,a black and white dog jumps up and down in the snow | a boxer leaps in the snow | a brown and white dog wearing a red collar is standing in the snow | a dog above snow | large dog out in the snow
Images/3189251454_03b76c2e92.jpg,a white dog is running through the snow,a brown dog barks surrounded by white snow | a dog wearing a black collar is standing open mouthed in the snow | a tan dog with a black collar barking in the snow | dog barking | dog standing in snow barking
Images/3189293145_35dea42679.jpg,a large bird is flying over water,one bird opens its mouth while the other bird looks back at it | two birds are fighting each other in tall grass | two birds are standing in a wooded area | two birds interacting in the grass | two colorful birds facing each other
Images/3191982761_88793192ed.jpg,a man in a black shirt and jeans is sitting in a doorway in front of a building,a group of five men are standing in the middle of a room that is <unk> and <unk> | a group of guys who appear to be a band stand inside the dark graffiti covered and rock strewn building | five men are standing in a dark room where there is <unk> and graffiti on the ground and walls | five men are standing in a dark room with graffiti on the walls | four young people are standing in a run down alleyway posing for a picture
Images/3196995975_3e38eabf01.jpg,a dog with a red collar is running through the sand,a big dog carries a stick across a frozen pond | a black and brown dog walks on the frozen surface of a pond holding a stick | a brown dog is carrying a stick in his mouth across an ice covered pond | a brown dog walking on a frozen lake carrying a stick | the big dog is carrying an object is its mouth
Images/3198247669_7493af04a7.jpg,two people are walking on the beach,a person holding a net is standing in the water | a person is standing in shallow water with a fishing net as the sun goes down | a person is walking in the water with a net | girl holding a net and walking in a lake at sunset | person wading in the lake with a fishing net at sunset
Images/3201594926_cd2009eb13.jpg,two women in black robes and one is holding a sign that says <unk>,a girl wearing white polka dots and black boots walks and a woman in a blue outfit <unk> walks behind | a <unk> young woman down the street with a woman in a <unk> walks behind her | a woman in boots with a big purse walks down the street followed by a woman in blue | a woman walks with her big purse | women walk down the street
Images/3202360797_2084743e90.jpg,a white dog is running through the snow,a dog is walking in a tire track in the snow | a golden dog is running along a tire track that has been <unk> out in the snow | a young dog walking through the snow in a tire track | golden retriever puppy walking through snow | the dog is walking in the snow
Images/3203707977_cc9448fecb.jpg,a man and woman are smiling,a close up picture of a man and a woman | a cute couple at a club | a guy with a <unk> and a girl pose for the camera | a man and a woman stand close together | a man and woman pose for a picture together
Images/3207343907_995f7ac1d2.jpg,a group of people in uniforms racing uniforms down a road,a crowd gathered at an ice skating park in the winter | a crowd of people ice skating outside in winter | a large crowd of people ice skating | a large crowd of people ice skating outdoors | a lot of people <unk> on a cold day
Images/3209620285_edfc479392.jpg,a boy in a red jacket is snowboarding,two men at the beach <unk> sticks with fire at the ends | two men carry long objects on the sand | two people are twirling fire sticks whilst standing on the sand | two people <unk> fire sticks in the mud | two people stand out on the beach and hold long sticks that have flames on each end
Images/3210705660_2b14b7fb36.jpg,a man in a red shirt is jumping in the air with a man in a black shirt and a,a boy and girl are jumping rope together while another girl is holding the rope and turning | three children playing jump rope in the grass among the trees | three people playing jump rope in a field | three school aged children in uniforms jumping rope | two people are jumping rope outside
Images/3212085754_35fdc9ccaa.jpg,a little girl in a dress is holding a baby in a white dress,a bride is being <unk> to put on her shoes | a <unk> wearing a red dress is putting the bride 's shoe on her foot | a lady holds a bride 's shoe in her hand | a woman is about to put a shoe on the bride | woman in red kneels to help sitting bride put on her shoe
Images/3212465975_b657f40eed.jpg,a boy is skating on a skateboard,a man jumps high on his yellow skateboard over the concrete tile | a skateboarder gets <unk> | a skateboarder jumping with his skateboard | boy jumping in the air with a skateboard | skateboarder in black with yellow skateboard in midair
Images/3213992947_3f3f967a9f.jpg,a woman in a red jacket and a hat is standing in front of a snowy landscape,a girl in a red jacket surrounded by people | a woman in a puffy red jacket poses for a picture at an ice skating rink | a woman in a red coat is smiling while people in the background are walking around in winter clothing | a woman wearing a red coat smiles down at the camera | the woman in a red jacket is smiling at the camera
Images/3214579977_fa9fb006a6.jpg,a black dog is running through the snow,a black dog jumps in the snow | a black dog jumps to catch a frisbee in the snow | black dog in snow leaps for red object at upper edge of frame | one black dog is jumping off the snow filled ground | the black dog jumps out of the snow to catch an object
Images/3215238223_29de2b35cb.jpg,a man is walking in front of a building,a boy rides a skateboard with a bike to his right | a guy grinds a <unk> near an old <unk> | a guy is grinding on a window ledge in a city | a person in black is coming out of a window of a tan and red building | a person skateboarding near a <unk>
Images/3215870337_c92a1a1b2f.jpg,a group of people are standing around a man wearing a hat and holding a cup,a crowd of people in front of a <unk> in <unk> <unk> | a crowd of people <unk> newspaper covers in <unk> <unk> <unk> | a group dressed in <unk> attire of people on a sidewalk in <unk> <unk> <unk> | large group of people standing outside of a building | lots of people gathering in a line
Images/3216085740_699c2ce1ae.jpg,a crowd of people are watching a man in a crowd,a crowd holds american flags | a large crowd is standing with many american flags | lots of people hold american flags | people waving american flags while in winter clothes | the bundled up crowd is waving many american flags
Images/3217291172_10ef70af88.jpg,a man wearing a black shirt and a white hat sits in front of a brick wall,two african <unk> stand in front of the building | two black males are posing for a picture with winter clothes on | two men are posing for a picture | two men are standing together in front of a white brick building | two men with glasses stand outside a stone building in the cold
Images/3219122000_bd6b4ae5ff.jpg,a dog runs in the grass,a brown dog with its mouth open and ears in the air running on a grassy surface | a tan dog runs through a field with his ears flying in the air | a yellow labrador running with its ears <unk> | the brown dog is running | this dog is running along the path
Images/3223606402_bb2aa6db95.jpg,a skateboarder performs a trick in midair,a skateboarder does a trick off a brown ramp while three other people watch | a skateboarder in the air at the top of ramp | a skateboarder in the air getting ready to land | a skateboarder is doing a stunt | the skateboarder is in the air while holding his board
Images/3225025519_c089c14559.jpg,a man in a black shirt and sunglasses is holding a cellphone,a man holds a microphone in front of another man who is wearing a blue hat | a man speaks into a microphone being held by another man | a old man talking into a <unk> held by another old man | <unk> man being <unk> after a race | one older man interviews another in a racing suit
Images/3225226381_9fe306fb9e.jpg,a brown and white dog is biting a white and brown dog,a black dog with a pink collar is following behind a brown dog with across a grassy field | a little black dog chasing a little brown one | a small white and black dog chasing a slightly larger brown dog in a grassy area | one brown and one black dog in grass | two dogs running one brown and one grey
Images/3225296260_2ee72b4917.jpg,a driver is driving a race car driver on a track,two people in an orange race car | two people in helmets sitting in an orange car | two people ride in a orange race car | two people wearing helmets are sitting in a race car | two racers driving an orange car
Images/322791392_aa3b142f43.jpg,a brown dog is running on the grass with a toy in its mouth,a brown dog runs happily with a yellow ball in its mouth | a dachshund runs through the grass carrying a ball | a dog runs with a multicolored ball | a small brown dog running with a multicolored ball in his mouth | the small dog wearing a harness is running with a ball in its mouth
Images/3231880001_193a579b97.jpg,a young girl with a camera,the boy and girl pose for a picture with a large red flower above their heads | the teenage boy and girl are smiling under a red flower | two kids smiling underneath a red flower | two people smile underneath a large red flower and in front of a vine covered wall | two people standing in front of vine covered wall with red flower overhead
Images/3238654429_d899e34287.jpg,a skier is jumping over a snow covered hill,a person is flying through the air on a snowboard as the wind picks up some snow | a snowboarder flying through the air doing a trick on a snowy mountain | a snowboarder jumping off a mountain cliff | a snowboarder jumps high over snow in mountain area | snowboarder in midair performing a stunt on mountaintop
Images/3238951136_2a99f1a1a8.jpg,a woman in a white shirt and blue shorts is rock climbing,a man in swimming trunks is standing against some rocks | a man wearing flowered swimming trunks is standing near large mossy rocks | a man wearing red shorts is holding onto the rocks beside the water | man in red shoes and red and white print shorts posing in front of rocks by water | man posing by a natural pool
Images/324208502_674488bcea.jpg,a man in a hat and sunglasses sits on a bench with a man in a wheelchair,an older man is sitting on a red bench with a younger man | an older person is sitting on a red bench next to a black man with a children 's bookstore behind | a person sits on a red bench to eat while another watches | two men sit on a bench | two people sitting on a red bench in front of books
Images/3242718240_3358f2d6e6.jpg,four women and two women are dressed in black,a group of children dressed in costume pose for a picture | a group of children stand against a building and smile | a group of six children stands smiling and laughing in front of a wall | a group of young children standing in a row leaning against a wall | the six children are laughing
Images/3244586044_205d5ae2ba.jpg,a white greyhound wearing a muzzle and a muzzle is running on a track,a dog runs in a race | a dog wearing a number 8 races on a track | a greyhound in a black and yellow shirt is racing | a white greyhound dog wearing the number eight is running on a track | the muzzled dog with the number eight races on the dirt track
Images/3250593457_9049a73b61.jpg,a girl in a pink dress is holding a red and yellow balloon,a child in a striped dress and a woman in a black dress | a little girl in a striped dress has a pink scarf | a woman holding a small child | a woman with a toddler in a striped dress | the woman is holding a baby girl wearing a striped dress
Images/3251646144_d9f4ccca3f.jpg,two people are in a blue and yellow tube,a boy is running in a spinning metal tunnel in the playground | a boy plays at the playground | a boy run through a big wheel | a man is at a park and about to enter a large round structure | two children play on large barrel hoops on a playground
Images/3251976937_20625dc2b8.jpg,a brown dog is running through the snow,a brown dog holding a huge stick in its mouth running in the snow | a brown dog holding a really big stick | a dog in the snow carrying a tree limb in its mouth | brown dog runs through snow with a snow covered branch in its mouth | the brown dog running in the snow is carrying a large stick also covered with snow
Images/3254645823_a7c072481c.jpg,a person in a red jacket is snowboarding,two <unk> in midair snowboarding | two snowboarders are in the air over the snow | two snowboarders are suspended in midair after a jump from a snow slope | two snowboarders in the air above snow | two snowboarders in yellow and green are jumping in the air
Images/3256456935_664a7a5bba.jpg,a young boy wearing a red shirt is playing with a basketball,a girl in martial arts class is kicking a dummy | a young girl in martial arts class kicks a bag | kid practicing karate move | little girl kicks black object at karate class | the girl with the red belt is kicking a pad that the person in black is holding
Images/3257103624_e76f25ff9e.jpg,a man in a red life vest is paddling a wave,a man in dark gear and a man in light gear wade through deep water | two men are racing in the water | two men one in a blue <unk> stand in <unk> deep water | two men walking waist deep in water with one man shirtless with green hair and bright pink arms | two men walk through the water
Images/3258395783_2de3a4ba27.jpg,a man in a suit is holding a sign that says <unk> <unk> <unk>,a camera team wearing jackets stands in front of a white building | a man is setting up a camera to take shots of something that <unk> <unk> be seen near a <unk> | a man shoots <unk> with a camera as two women look on | a man with long hair is looking through a camera | three people stand outside one has a camera on a tripod
Images/3259002340_707ce96858.jpg,a black dog is running in a field,a black dog with a purple collar and a black leash runs in the grass | a black dog with a purple collar is running | a black dog with a purple collar running | a black dog with purple collar running | the black dog is wearing a purple collar with a black leash as he is running
Images/3259991972_fce3ab18b2.jpg,two young men in black robes and one is holding a sign that says free hugs,a break dancer spins on his head outside as onlookers watch the performance | a man spinning on his head on a city sidewalk near a <unk> mat | a man stands on his head in front of a crowd | man standing on his head near a black and white pattern in the street | young man break dancing in the street
Images/3260975858_75d0612a69.jpg,a dog sled team in the snow,a dog sledding team pulling a man wearing a bright orange jacket in the snow | a man in an orange snowsuit is on a <unk> in the snow | a man is in a dog sled race with snow on the ground | a pack of sled dogs pulling a sled through a town | dogs lead a sled with a man in an orange parka through the snow
Images/3261493263_381a4c5cc7.jpg,a team of dogs pulling a man on a sled,a dog sled races through the snow | a dog sled team and their driver | a <unk> waves and smiles behind his dogs who are running in snow | dogs are pulling a person on a sled in the snow | the <unk> is <unk> the dogs to the finish line
Images/3262386960_14f5d857db.jpg,two men in white shirts and one is holding a basketball,a few players show off their <unk> <unk> in a gym | the people in the masks are fencing | two fencers in full gear <unk> in a gym | two fencers in gear fighting in a fencing class | two fencers in white suits and black masks compete in a gymnasium setting
Images/3262760716_1e9734f5ba.jpg,a young girl with a purple shirt and a white shirt is blowing bubbles,a baby holding glasses looks at the camera while a man hugs him | a man holding a baby who is holding black glasses | a man holds a baby which is chewing on <unk> | a man holds a baby who is holding eye glasses | baby with his <unk> glasses in his mouth
Images/3268191118_ba25fabab6.jpg,a person on a bmx bike,a bicyclist is doing a trick in midair | a <unk> is performing a trick in the air | a bmx rider makes a jump | a man in a beanie doing a bike trick | picture of biker in midair of a jump
Images/3268407162_6274e0f74f.jpg,a young boy wearing a red shirt and blue baseball cap is playing tennis,a man in an orange shirt hitting a tennis ball with a racket | a man plays tennis dressed in <unk> of miami colors | a man wearing an orange shirt hits a ball with a tennis racket | a tennis player hits the ball | man dressed in orange and white hitting a tennis ball with racquet
Images/3270047169_2ed289a9af.jpg,a young girl is riding a skateboard on a sidewalk,a boy on a skateboard rides down a red pole | a male youth is grinding a rail on his skateboard | a person skateboarding on a red rail | a skateboarder grinds a rail | the boy is performing a trick on a red rail with a skateboard
Images/3271495320_bca47795fb.jpg,four women in a field,a group of women wearing bikinis are playing beach volleyball | four women competing in beach volleyball beside a large body of water | four young women wearing bikinis are playing beach volleyball | girls in bikinis playing volleyball on the beach | women in bikinis play beach volleyball by the waterside
Images/3279228339_71deaa3d9b.jpg,a man in a leather jacket is <unk> a <unk>,a man sits alone in a diner reading a book | a man sits in a booth at a diner | the kitchen worker at a restaurant observes the dining room including a man in a red jacket | this is the inside of a small restaurant with a <unk> in the background and two men in booths | two men are sitting by themselves in a cafe
Images/3280052365_c4644bf0a5.jpg,a group of people are standing around a table with a microphone,a crowd of people in the street at night | a young girl sits atop a lady 's shoulders as they <unk> with the celebrating crowd | two woman and a child look at each other while a night party scene goes on behind them | two women and a child celebrating at a nighttime party | two women and one young girl are together in a crowded area
Images/3282121432_648dac8a29.jpg,a man climbs up a steep rock face,a male <unk> rock climber <unk> half way up a <unk> stone face | a man attached to a harness is climbing a rock wall | a man climbing a rock with a rope hanging down and safety <unk> on his waist belt | a man in pants scaling the side of a cliff | a man is climbing a rock wall
Images/3282925526_535ff9f2b2.jpg,a man with a black shirt and a woman in a black shirt and a white shirt,a man lying down with a maroon cloth over his eyes and someone standing over him wearing flip flops | a man <unk> on the ground with a shirt over his eyes with a person standing beside him | a man on the pavement <unk> his eyes with his t shirt | a man wearing a maroon shirt tied around his face is laying on the cement | a man with a dark red shirt covering his face rests on the pavement near a person 's feet
Images/3283626303_8e23d4a842.jpg,two children are in a pool,children hang on a wall next to water | four boys in swimming trunks lean on the cement edge of a pool with their legs in the water | four boys in water are hanging on to the concrete ledge | four children in the pool | <unk> young boys climbing out of the water on a concrete sidewalk
Images/3286620180_4b00e93e8e.jpg,a group of young men in white shirts and hats dancing,a crowd of people wearing red shirts runs along a city road | a group of people in red are running down the road | a large group of men and woman all wearing red t shirts participate in a race | the people in orange t shirts are jogging on the street | there are <unk> of people with red shirts running a marathon
Images/3293751136_b0ce285dc3.jpg,a man in a red shirt is holding a sign that says <unk> <unk>,a couple is sharing a kiss on a cold sunny day | a couple kissing on a sidewalk in a city during winter | a man in a tan jacket is kissing a girl in a pink jacket on a city street as a | teen girl in a parka kissing teen boy in a brown jacket on a snowy street | two people in coats kiss on the side of a road
Images/3295452057_0c987f895f.jpg,two dogs play with a toy,a brown dog is jumping up at a black and white dog | a <unk> jumps on a <unk> | a smaller orange dog putting its head on a larger black and white dog | two dogs are playing around in the dirt | two dogs play in a large fenced in area while two men watch from a distance
Images/3297272270_285b8878b2.jpg,two men in white suits play guitar,a group of four guys wearing tutu | an all male band performing in tutus | four male members of a band wear all white outfits that <unk> white skirts over white pants | men dressed in tutus perform a musical act onstage | men wearing tutus sing and play guitars onstage
Images/3301754574_465af5bf6d.jpg,a bird flies low to the ground,a black bird carrying a small branch | a black bird flies while carrying a small tree branch in its beak | a black bird in the air with leaves in its mouth | black bird flying with a leafy branch in its mouth | the bird is carrying a plant in its mouth while flying
Images/3301854980_233cc2f896.jpg,a snowboarder is grinding a rail on a snowboard,a guy on a skateboard <unk> down a handrail | a kid skateboards down a set of railings on a snowy day | a snowboarder rides a snowboard down a railing beside a flight of steps | a snowboarder riding down a railing | boy skateboarding down a stair railing in winter
Images/3307147971_5b3abf61f9.jpg,a woman in a red shirt and a backpack is walking away from a small girl,a man and a woman ride scooter like vehicles | a man and woman are riding <unk> through a field of grass and clover | two adults a male and a female are standing on <unk> in a field of yellow flowers | two people on <unk> in a field of flowers | two people wearing helmets ride over the yellow and white flowers
Images/3307667255_26bede91eb.jpg,a group of people are gathered in front of a building,a crowd scene in front of <unk> | a large group is shown in the street | a lot of people are gathered around a <unk> like building | busy marketplace in an <unk> country | there are a lot of people in front of a tan building with colorful <unk> hanging from the top
Images/3314180199_2121e80368.jpg,a young boy wearing a red shirt and black shorts is playing with a soccer ball,a boy chasing a yellow ball | a child in a red and black striped shirt plays with a yellow ball on a wooden deck | a little boy in a red striped shirt about to head a soccer ball | a young boy is punching a yellow ball | a young boy moving towards a yellow ball
Images/3315033940_e91f87b7f2.jpg,a man in a red kayak is paddling through rough waters,a speed boat jumps over waves in the water | a <unk> <unk> through the water | people in a boat floating above waves | someone is in a speed boat on the water | two people drive a small motor boat on choppy water
Images/3320756943_9d004f9824.jpg,a group of people on a ride called the frog hopper,a group of people gather under a <unk> in and <unk> area | a group of people sit on a bench waiting for the bus | people observe animals in a covered exhibit at the <unk> | people sit on benches | the people under the canopy are sitting on a bench the mother is taking a picture of a child with
Images/3325974730_3ee192e4ff.jpg,a person in a red jacket is snowboarding,a snowboarder jumps high into the air off of a snowy ramp | a snowboarder jumps off a ramp | man on a snowboard performing a trick high in the air | person in a purple coat making a jump on a snowboard | snowboarder jumps off high ramp over icy landscape
Images/3326376344_3306bf439e.jpg,a black dog is running through the snow,a black dog runs through the snow | a black poodle frolics in the snow | a black poodle is running in the snow | a black poodle plays in the snow | a black standard poodle running through the snow in a fenced in yard
Images/3326454455_960e5442e9.jpg,two men in red uniforms playing soccer,a male soccer player wearing a red uniform jumping in the air and pulling up his shorts | a soccer player pulls his shorts up | a soccer player wearing a red costume makes an <unk> gesture | man in red sports uniform and blue shoes jumping and pull up legs of shorts | <unk> can see the white underwear of the man wearing the red soccer jersey <unk> he is pulling up his
Images/3329289652_e09b80e2f3.jpg,a baby in a yellow shirt is eating a book while a girl looks on,the boys are playing with <unk> | two blond boys play with <unk> from a clear plastic bin with a sofa in the background | two boys play with <unk> | two kids are playing with a box of <unk> | two little boys are at a table with a box of <unk>
Images/3330007895_78303e8a40.jpg,a man in a black shirt and sunglasses is holding a cellphone,a man in a black jacket is beside the window of a coffee shop looking down | a man in a dark jacket looking down | a man wearing a black jacket looking down | a man wearing a black shirt and sweater is looking down | an older man in a black jacket looking down
Images/3332202255_a30c522664.jpg,a man in a white shirt and gold shorts is holding a microphone,a man with a white guitar plays with another in a striped shirt | one guy sings while another plays guitar | two men are playing in a band | two men performing each playing guitars while one is singing | two young men are playing guitars in the corner of a room
Images/3335692531_dd4a995f91.jpg,a black dog and a brown dog are playing in the grass,brown dog and two black dogs have three way tug on red object outdoors | three dogs are all tugging on the same toy as they stand behind a house | three large dogs one brown and the others black tussle over a red toy in the grass outside a building | two black dogs and a brown dog are tugging at a red object with their mouths | two black dogs are tugging on a red toy that is in a brown dog 's mouth
Images/3338590946_f25b76cbc7.jpg,a surfer is riding a wave on a beach,a person is being pulled by watercraft across the <unk> water | a person wakeboarding in the water | a wakeboarder | the man riding a board on calm waters is silhouetted by the sunlight | there is a man surfing at night
Images/3339751521_7a8768be27.jpg,a man and woman sit on a bench,a group of people rest on a cliff overlooking a scenic view | a group of traveling people relaxing on top of a hill overlooking a range | a man and three women with backpacks sitting on a mountain | four people are sitting at the top of a hill | four people relaxing on a grassy hill overlooking a rocky valley
Images/3341961913_9a9b362f15.jpg,a hockey player in a red jersey is guarding the goal,a goal defending the goal in a hockey game | a hockey goalie ready for the puck | a hockey player in a black and white uniform guarding the goal | a person guarding a hockey goal | the ice hockey goal <unk> is dressed in a red strip
Images/3343311201_eeb1a39def.jpg,a woman with a pink shirt is swinging on a swing,an artist painting on a small canvas | a woman standing on a lawn painting a picture | a woman wearing overalls standing at an <unk> painting a picture | girl in blue <unk> painting | the lady holds her <unk> next to the artist 's <unk>
Images/3347500603_13670ee6bf.jpg,a girl in a dress is holding a plastic bag while another girl is walking away from behind,two asian men walking down the street holding red bags | two asian men walking with red bags | two men are carrying red bags on the street beside a white metal fence | two men walking by a fence holding red shopping bags | two men walk together outdoors carrying red bags from a store
Images/3348811097_0e09baa26f.jpg,a man in a green shirt is jumping a skateboard on a ramp,a boy jumps off of an open air staircase | a person jumping off of an outdoor staircase | a person jumping step railing | boy wearing a blue hoodie jumps over a stair railing | the young man wearing a blue sweatshirt and blue jeans is hopping over the railing on the fence
Images/3349194268_0ee555c9a2.jpg,a young girl in a green dress is blowing bubbles in a field,girls huddle in field of plants one holding leaf <unk> | the two asian girls smile at the camera in the field of yellow flowers | <unk> girls pose behind yellow wildflowers | two asian girls are sitting in a flower field | two young ladies are sitting in some yellow flowers and smiling
Images/3349451628_4249a21c8f.jpg,a man with a white shirt and black pants is standing in front of a large building,a boy in a dusty alley playing <unk> | a boy swings a piece of wood | a child swings a bat next to a stone wall | a young boy wearing a blue <unk> swings a bat | a young boy with a <unk> on plays ball with his bat in the street
Images/3350671534_2a5d45a961.jpg,a man wearing a black tank top and a white shirt is skateboarding,a man in a grey winter hat and purple sweatshirt skateboarding | a man rollerblades on a skate course | an inline skater wearing a purple jacket is performing a trick on a ramp | guy rollerskating on skate ramp | man with purple sweater at the top of a skateboard ramp
Images/3351667846_ac43118ae5.jpg,a man sits at a table with a beer and a woman,african american men <unk> <unk> of food out of a window | a group of men wait in line to <unk> food at a window | a man wearing a red striped shirt reaches for a plate of food while others wait | five men are getting <unk> of <unk> from a small home restaurant | people in line for <unk> of <unk>
Images/3354200211_35348e47d8.jpg,a group of people are watching a football game,a bunch of people walking down the street | adults and children dressed for cold weather in a road race | a group of people run down a city street | many people are jogging along the street by a green fence | many people run in a race on a street
Images/3354489242_dd529ffa1f.jpg,a hockey player in red and white is defending the ice,a goalie tries to block the puck in a hockey game | a hockey goalie stops the puck | people playing hockey | several hockey players move toward the puck next to a goal | two hockey teams compete
Images/3355756569_b430a29c2a.jpg,a man on a bmx bike,a bike rider in the air with the sky as background | a boy jumps on his bike | a kid riding a bike jumps up and does a trick in midair | a stunt biker leaps into the air beside the setting sun | the person is doing a trick on a bike at dusk
Images/3356748019_2251399314.jpg,a motorcycle racer is being ridden on a racetrack,cyclists are leaping into the air whilst being watched by spectators | three dirt bike racers head over a jump | three men form an arch during a bmx bike race sponsored by <unk> <unk> | three men on mountain bikes go over a sand hill | three riders wearing black jerseys jump their bmx bikes into the air
Images/3357708906_fb3a54dd78.jpg,a brown dog is chasing a white dog in a yard,a group of brown dogs are standing on a road with 3 people | dogs and their <unk> gather on a dirt trail | several brown dogs of different sizes gather together | there are 5 brown dogs on leashes with their owners nearby | three women are standing among a group of brown dogs
Images/3359636318_39267812a0.jpg,two people stand on the street with a city skyline behind them,a group of people are standing in front of some stores | people stand on a sidewalk outside of <unk> stores | people walking or talking on a city street | several people in front of stores | two people are talking outside of the video game shop next door to the mobile phone store
Images/336460583_6c8ccb7188.jpg,a small dog is running through the grass,a little brown dog is running in a field | a little brown dog is running on the grass | a little brown dog runs through the grass | a puppy runs in a grassy field a dirt road in the background | a small brown dog is running over grass <unk> with dry leaves
Images/3365348059_9773165302.jpg,a woman with a black shirt and a white shirt is smiling,a blonde woman is next to a man in a red shirt | a blond woman is <unk> a brown haired man on the cheek | a blond woman kissing the cheek of a brown haired man | a man muscular man wearing an orange shirt is being <unk> on the cheek by a blond woman wearing a | a woman kisses the cheek of a man in an orange t shirt
Images/3368819708_0bfa0808f8.jpg,a person on a bmx bike,a snowboarder dressed in yellow makes a jump | a snowboarder gets air off a jump | a snowboarder is doing a trick | a snowboarder jumping | a <unk> from a helicopter watches a snowboarder below
Images/3372215826_b3e6403b2e.jpg,a man is <unk> a basketball,a man in a dark hat shoots a <unk> | a man shoots a gun | a man shoots a gun that <unk> a bright light | a man with long sleeves is firing a <unk> <unk> at night | a stop motion picture of a man firing a <unk> in a dark area
Images/3375843443_8d9b242aa5.jpg,a skateboarder performs a trick in midair,a lone skateboarder in midair with a huge wooden ramp and silver graffiti in the background | a male skateboarder takes <unk> of the half pipe | a skateboarder high in the air at indoor ramp | man on skateboard jumping through the air | skateboarder performing a trick high in the air on a ramp
Images/3377117696_af91f13058.jpg,a snowboarder is jumping over a snow covered hill,a man is in the air upside down in the snow | a person doing tricks on a slope | a person is skiing and doing a flip in the snow | a skier goes upside down kicking snow in the air | a skier is doing a flip in the snow
Images/3378553508_e37e281d25.jpg,people are standing on a balcony,behind a <unk> st sign and traffic light building construction <unk> | on a multi story construction site a number of workers in red shirts lean on <unk> railings and rest | people are standing in a building that 's under construction near <unk> st | several people are looking out from a building that is under construction | several workers standing in a partially <unk> building behind street sign
Images/3380643902_7e0670f80f.jpg,a man in a red shirt is doing a stunt on a track,a long boarder catches himself before hitting the ground | a man wearing a blue and black striped shirt skateboarding down a <unk> street | a skateboarding boy touches his hands to the ground with a long hill in the background | boy skateboarding on residential street falling <unk> with hands on the ground | the skateboarder is turning around while holding onto the ground
Images/3382105769_b1a4e4c60d.jpg,a black dog is swimming in a lake,a brown dog retrieves a stick in a rocky river | a dog running through a creek | a dog running with something in his mouth in shallow water | a dog with a stick in its mouth runs through the rocks in shallow water | a soaking wet dog is splashing through the water
Images/3383491811_fd9d3a891d.jpg,a brown dog is standing on its hind legs with a camera,a brown dog with a black collar licks its own mouth | a dog licks his nose | a large dog licking its nose | brown dog with black collar licking nose | dog sticking out its tongue
Images/3386953179_84c2d7922f.jpg,a skier is in the air on a snowy mountain,a skier makes the only path on an empty mountain | a snowboarder in a red jacket slides down a snowy mountain | a snowboarder wearing a red jacket is going down a mountain | a snowboarder wearing red is descending a snow covered mountain | skier in red skiing down a snowy mountain
Images/3392293702_ccb0599857.jpg,a black and white dog is running through the snow,a dog catches a toy in the snow | a dog playing in the snow | a dog playing in the snow ready to catch a toy | a white and black dog is about to catch an object while it stands in a snowy field | dog with a red collar running in the snow
Images/3392851587_a638ff25e2.jpg,a girl in a pink shirt is smiling at the top of a slide,smiling girls sitting on <unk> platform | the older girl is laughing and holding the younger girl outside | two girls are enjoying themselves on a spinning platform | two girls are sitting together on a spinning platform | two girls <unk> playing in a park
Images/339350939_6643bfb270.jpg,a black dog is running on the beach,a black dog chases birds on the shoreline | a black dog is chasing two birds on the shore of the ocean | a dog is running along the beach beside the ocean | black dog running behind three birds on shore with waves in the background | there is a dog running along the beach
Images/3394070357_cb2a3243fc.jpg,a dog is running through the snow,a blurry dog jumps through water | a small tan dog jumping out of the water | small brown dog jumping out of the water | the fuzzy dog runs through the water | wet brown dog jumping out of the water
Images/339658315_fbb178c252.jpg,a woman sits on a bench and eats a book,two ladies next to a stroller inside a building | two woman stand near a stroller in a dark building | two women with a baby carriage in a building next to a table and chairs | two women with a baby stroller in a fancy restaurant | two women with strollers standing next to a table and chair
Images/3397310901_cbef5c06ef.jpg,a person in a black shirt and blue pants is riding a skateboard,a bicyclist rides on ramps | a bike rider does a trick in the air | a man performs a bike trick on a ramp | extreme bmx rider <unk> <unk> | person doing tricks on a bicycle in a <unk>
Images/3399618896_9ef60cd32c.jpg,a man and a woman are standing next to a building,two guys with one guy holding a homeless sign | two homeless men are leaning on a brick wall and holding up a cardboard sign | two homeless men stand outside with a cardboard sign | two homeless young men holding a cardboard sign | two young men stand holding a sign against a wall
Images/3399944164_ec24123945.jpg,a man and woman are kissing,a girl in yellow is laying down and man is looking at the camera | a man and a woman are laid back relaxing on the couch | a man in a purple shirt in front of a woman in a yellow shirt | a woman lays down with a camera and a man leans back on her taking the picture | two young people taking pictures of themselves while laying atop each other
Images/3400135828_0ac128b6eb.jpg,a black dog is playing in the snow,a black and white dog jumping through the snow | a black dog jumping through high snow | a black dog jumps down a snowy hill | a black dog jumps out of a pile of thick white snow | the black dog is gliding down through the snow
Images/3401548798_3a93f2caa5.jpg,a person in a yellow jacket is sitting on a red and white glider,a boy in a blue hat is riding a green sledge on the snow at dusk | a child in a <unk> in the snow | a child with a sled plays in the snow at dusk | a little boy on a green sled at night | little boy on a green sled goes over a hill of snow as the sun sets
Images/3405100926_e96308ce89.jpg,a group of people are standing around a man wearing a black shirt,a group of men in green shirts and black pants holding hands | black people dancing in a boston square | four men posing on the street in green shirts and black pants | several men in matching green and black outfits in front of a monument | three men wearing green t shirts do a street performance
Images/3406802138_ef77bbddd0.jpg,two dogs run through the snow,two dogs kick up dirt while running down a hill | two dogs running in the dirt | two dogs running in the dirt | two dogs run through dirt and weeds | two yellow dogs running on sand
Images/3409740108_1505489537.jpg,a dog wearing a yellow and white jersey is running on the track,a bunch of dogs are competing in a race | five greyhounds are racing on a sand track | muzzled greyhounds are racing on the track | several muzzled greyhound dogs racing around a track | the number 2 dog in the blue vest is in the lead at the dog races
Images/3411393875_a9ff73c67a.jpg,a man in a leather jacket and cap is holding a cup,a man in a red shirt standing next to a woman in a black shirt with a car in the | a man in a red shirt that says ' <unk> ' and a girl with purple <unk> in her hair | a man with a red <unk> shirt and a woman with purple <unk> in her hair | the man and lady pose for a picture | the man is wearing a red shirt while the woman standing with him has purple <unk> in her hair
Images/3411579899_0f8ed09142.jpg,a man on a bike is in midair,a biker speeds down a dirt path in the woods | a kid with a white shirt and helmet riding a bike through the woods | cyclist riding down dirt path in the woods | mountain biking in a forest during the early fall | the cyclist rides on a wooded path
Images/3412249548_00820fc4ca.jpg,a man in a black shirt is holding a cup,a bald man with an <unk> is smiling nearby a building opening | a man with a white <unk> and an <unk> is smiling | a <unk> man wears an <unk> | a smiling man with a headphones and a grey <unk> | the bald man with the white <unk> is wearing a <unk> <unk>
Images/3413019648_e787f0cb88.jpg,a man in a yellow shirt is paddling through a large wave,a kayaker <unk> the rapids | a man in a green kayak paddles down some rapids in front of a waterfall | a man kayaking down rapids | a man kayaking through rapids in a river | a person in a green canoe paddles down rapids carrying <unk> and wearing an orange and black top
Images/3415165462_e1cb536d08.jpg,a brown and white dog is jumping up to catch a red ball,a brown and white dog is jumping in the air with a tennis ball in its mouth | a brown and white dog jumping in the air near a wooden fence | a dog barks at plants in a <unk> concrete courtyard | a dog catches a ball in midair | a tan and white dog jumps up with a yellow ball in its mouth
Images/3416013671_98b5c75046.jpg,a man in a black uniform wears a helmet and a crowd,a grey bearded <unk> gentleman in red plaid is playing the bagpipes | a man with a beard in the foreground playing bagpipes | a parade of <unk> walk through a city street | several <unk> in <unk> dress | the man with the white beard is playing a red bagpipe
Images/341665272_80d4d61376.jpg,a dog wearing a red collar is running in the snow,a brown dog carrying a frisbee runs through the snow | a brown dog is running through the snow with a frisbee in its mouth | a dog catches a red frisbee in the snow | a dog holding a frisbee in its mouth | a dog is running in the snow carrying a red frisbee
Images/3420278866_1d17c12713.jpg,a tennis player in a white shirt and blue shorts is holding a tennis racket,<unk> <unk> gets ready to hit a tennis ball | <unk> <unk> plays tennis | a tennis player in mid game holding a racquet | man dressed in black and white holds his tennis racket up waiting for the ball | tennis player getting ready to play tennis
Images/3420338549_bd78d35243.jpg,a group of men and children are sitting on a table,a group of men in suits are standing in front of a statue of a <unk> | a group of men stand talking in front of a <unk> of a blue <unk> | a group of people in suits stand around a man in a pink shirt who is <unk> | man giving <unk> to interested people in front of a <unk> statue | men standing in front of a statue of a <unk>
Images/3421789737_f625dd17ed.jpg,a child in a blue shirt is jumping into a blue and yellow tube,a boy spinning on a blue and yellow merry go round | a child on a spinning wheel holding on for <unk> life | a young boy rides a blue and yellow merry go round with an adult male hand in the foreground | a young kid is standing up on the merry go round | the boy is standing on the playground equipment in the blue <unk>
Images/3422458549_f3f3878dbf.jpg,a tennis player in a blue shirt is holding a tennis racket,an african american woman dressed in orange is hitting a tennis ball with a racquet | a tennis player in an orange outfit hits a ball | a tennis player in orange is striking the ball with her racquet | a woman in an orange athletic outfit playing tennis | <unk> <unk> hitting a ball in an orange outfit
Images/3425685827_03683e8e5a.jpg,a man and a woman are sitting on a park bench,a group of people sitting in a grassy area under a pink and white <unk> tree | people are sitting at a park under flowering trees | people outside sitting on the grass under <unk> <unk> trees | the students sitting on the grass are eating a lunch from a red backpack | young people sit on the grass near a <unk> tree with pink <unk>
Images/3425887426_bf60b8afa3.jpg,a man with a tennis racket is holding a tennis racket,a person holding a tennis racket hits a yellow tennis ball | a tennis player hitting the ball | a tennis player hitting the ball | the tennis ball is about to be hit | this man is hitting a tennis ball with a tennis racket
Images/3426144752_28d63615ca.jpg,two children with chocolate face paint on a rug,a little girl plays with a plane | a young blonde boy holding a toy airplane | a young blonde child holding an airplane | the blonde haired child is holding the small plane | the blond haired and blue eyed child holds the wooden airplane in his hands
Images/3427301653_4ff0d6fd93.jpg,a woman in a red jacket and sunglasses is talking to a man in a red jacket,a girl wearing an hat and holding an <unk> sits on the side of a building | a man sits on the sidewalk listening to headphones | a single woman wearing a black hat and leather jacket listening to music | person in a black hat jacket pants and shoes sitting on concrete curb against a brick background | person listening to <unk> player sitting on curb
Images/3427614912_b147d083b2.jpg,a man in a black shirt and jeans is doing a skateboard trick,two boys are <unk> on a running track | two boys race each other on foot | two men in a running <unk> | two young men running along a track | two young men run on a track outside
Images/3429641260_2f035c1813.jpg,four people are in a room with a building in the background,a boy jumps near a brick structure | a child is jumping on a trampoline in front of a brick wall and below colored flags | a little kid is jumping off a brick balcony | a small boy is jumping off of a brick wall onto a table below | boy falling from railing with building colorful banners in background
Images/3431101934_99a6c55914.jpg,two girls play on a trampoline,one little girl dressed in pink watches another also wearing some pink jump on the trampoline | two girls are jumping on the trampoline in a backyard | two girls in pink on trampoline one sitting and one jumping | two little girls on a trampoline and a playhouse is behind them | two small girls are jumping on an outdoor trampoline in a backyard
Images/3433982387_3fa993cf5a.jpg,two girls in red and white dresses,a girl in a white dress is playing with bubbles while a mother and daughter stand to the side | a woman stands with two young girls in dresses looking at bubbles | a young girl in a white dress watches bubbles while a woman and girl toddler observe | two girls looking at bubbles in the air | two little girls and an adult watch bubbles float through the air in front of them
Images/3435233065_3411f2d29d.jpg,a person in a blue jacket is riding a bike through the woods,a biker doing a jump in a forest | a boy doing a jump on his bike in the woods | a boy on a mountain bike lands after a jump while riding in the forest | a guy racing his motorcycle on a trail | a man is riding his bicycle through the woods
Images/3435653630_3b6cca2c40.jpg,a basketball player is holding a basketball in front of a crowd,a basketball team of 8 girls is doing a hand huddle | a group of basketball players in a huddle | a sports team is in a huddle with hands together | basketball players huddle | players wearing black
Images/3436313241_6c73153fb6.jpg,a brown dog and a black dog are running through a field,a black dog catches a red and blue tennis ball | a black dog on a yard of grass is catching a blue and red ball in its mouth | a black dog with a green collar holds a red and blue object in its mouth | a dog catches a colored ball while standing in the grass | a small black dog playing with a ball in the grass
Images/3439128755_84409b8823.jpg,two dogs are playing in a field,a brown dog in a pink shirt chews something white while a brown dog in yellow watches | a brown dog wearing a pink shirt is followed by a brown dog wearing a yellow shirt | a dog in a pink shirt with something white in his mouth and a dog in a yellow shirt | the two dogs with clothing are in a flat uncut field | two dogs fetching an object in a field
Images/3440724965_03d6ca5399.jpg,a man in a black shirt is holding a drink in front of a fireplace,a man has his hand on his head while a <unk> is speaking | a man in a suit touches his head while another speaks at a microphone | a man is scratching his head at a meeting while a person <unk> | a man wearing a suit scratches the back of his head at a meeting | a picture taken from the back of <unk> kind of large <unk>
Images/3449170348_34dac4a380.jpg,a young girl wearing a pink tutu jumping in the air,a girl dances on a sidewalk | a girl in a polka <unk> top and pink pants plays outside | a girl wearing pink dances on the sidewalk | the girl has pink pants and a polka dot jacket on | watching a child from behind as their long hair flies out
Images/3450874870_c4dcf58fb3.jpg,a person is snowboarding down a slope,a man rides a ski lift up a mountain | the man and woman ride the ski lift up the snowy mountain | two men sit on a <unk> | two people ride up the mountain on a ski life | two people wearing skis on <unk>
Images/3451344589_6787bd06ef.jpg,a man in a red jacket is holding up a sign that says <unk> <unk>,a <unk> <unk> holding up a <unk> <unk> sign | a <unk> woman is holding a poster | a woman in a black and white dress is holding up a protest sign | a woman wearing a black and white dress is holding a large sign | woman in sleeveless black and white print top holding up a sign
Images/3452341579_0147d2199b.jpg,a man on a bike is being ridden on the ground,a dirt bike flies upside down as the rider <unk> toward the dirt | a man has <unk> his racing bike in the dirt with five spectators behind a rope | a person falling off a dirt bike in the middle of a dirt bike race | bike racer number <unk> <unk> on dirt racetrack | the biker falls while the boys watch
Images/3453544202_3855ab34b6.jpg,a man on a motorcycle is being ridden on a racetrack,a man riding a motorcycle while wearing a black uniform | a motorcyclist rides | a white motorcycle is being ridden around a racetrack | number <unk> races his motorcycle while wearing his black and red outfit | person on a red white and black racing motorcycle
Images/3457604528_302396c08c.jpg,a boy in a red shirt is running in a field,a little girl in a red shirt pulls a kite | a young girl in a red top is running through a grassy area with large buildings in the background | a young girl is flying a kite in a field beside a lot of buildings | the child is running through the grassy field | young girl in red top and striped pants running with a kite
Images/3457784061_8f77f43a9c.jpg,a boy in a red shirt is sitting on a couch,a man bowls with a red ball | a man bowls with a red bowling ball | a man is getting ready to throw a bowling ball in a bowling alley | a young man about to throw a red bowling ball down the lane | man bowling in a dimly lit bowling alley
Images/3458215674_2aa5e64643.jpg,a <unk> of dirt bike rider is driving through the air,a couple of people are riding atv 's on a dirt track | at the track the man with the yellow 4 wheeler and black helmet is going around the dirt road | atv racers coming around a corner | people on atv vehicles are competing against each other | people racing on atv 's in full protective garb
Images/3460551728_63255cec18.jpg,dogs running on the beach,a dog is walking on the sand and people are all over the beach | a dog walks across the sand next to a river in front of rolling hills | a long distance shot of a beach with people and animals | people and dog at beach surrounded by mountains | some people and dog are enjoying the beach of a bay surrounded by green hills
Images/3461677493_5bfb73038e.jpg,a man in a salon is eating a <unk> good,a <unk> is <unk> a man 's hair | a beautiful <unk> of flowers with a man <unk> hair in the background | a <unk> of red <unk> with a man <unk> hair in the background | <unk> giving a haircut | two men one in white and another in blue
Images/3463922449_f6040a2931.jpg,a brown dog is jumping over a bar with a yellow toy,a brown dog is in an agility <unk> and running towards a blue tube | a dog is running during a competition | a dog runs toward a tunnel | a golden retriever is competing in a dog competition | the brown dog is running towards a blue and yellow tube
Images/3468275336_61936db92d.jpg,a group of people are dancing with a man wearing a black shirt and a white shirt,a bride is throwing her bouquet to several women standing behind her | a bride throwing her bouquet up in the air behind her towards a group of ladies | a bride throws her flowers over her head to a waiting crowd | a bride tossing her bouquet to a group of women | a new bride dressed in white throws a bouquet to waiting females behind her
Images/3470951932_27ed74eb0b.jpg,a baseball player is getting ready to throw the ball,a boy in a baseball uniform runs the <unk> | a boy is running around the <unk> in a baseball game | a boy runs to a baseball base | a child in a baseball uniform runs on a baseball field | the young baseball player is running to one of the <unk>
Images/3476381830_3751dd9339.jpg,a woman in a black shirt is skateboarding on a skateboard,a boy wearing a red shirt on a skateboard jumps up some stairs | a dancer on steps | a guy is skateboarding | a person wearing a purple shirt stands on a skateboard at the top of a small stairway | a skateboarder jumps off the stairs
Images/3482062809_3b694322c4.jpg,a man and a woman are playing on a trampoline,a group of tourists stand around as a lady puts her hand near the mouth of a statue | a woman is making a statue pretend to kiss her hand beside four boys at a bench | a woman posing with a statue alongside a group of boys | a woman with a backpack leans <unk> a statue while a group of boys sit on a bench talking | woman gets her hand <unk> by living statue street artist
Images/3482314155_bd1e668b4e.jpg,a man is running on a track,a bull is <unk> a man in an arena | a guy is running away from a black bull | a man in a bull ring is being <unk> down by the bull | a man running away from a <unk> bull | man in ring bending backwards with a bull behind him
Images/3484365373_98d5304935.jpg,a soccer player in a blue shirt is running in a field,a girl in a blue and white uniform is jumping over a hurdle | a tall girl hurdles | a woman in a track uniform jumping over a hurdle | a woman jumping over a hurdle during a race | a young blonde woman in a blue and white tracksuit jumps a hurdle
Images/3484649669_7bfe62080b.jpg,a boy wearing a red shirt is splashing in a pool,a girl with a black swimsuit plays in the sprinkler | a young girl is playing in a fountain of water | a young girl plays in fountain water | little girl crouches to splash fountain water | there is a young girl in a bathing suit playing with water shooting out of the ground
Images/3484841598_e26ee96aab.jpg,a baseball player in a red uniform is holding a baseball bat and a catcher is chased by,a catcher in a black uniform on the ground with his glove upraised during a baseball game while a man | catcher on the ground runner making base | the first baseman diving to catch a throw while the runner touches first base in a softball game | two teams playing a softball game | women are playing softball and the catcher slides onto base
Images/3484842724_ef1124c87a.jpg,a baseball player swings at the ball,a baseball player is trying to run to a base while the baseman catches the ball | a softball player runs towards first base while the pitcher attempts to throw her out | the first baseman makes <unk> catch just in time to get the runner out in this softball game | three people play baseball on a field at a park | three young women are playing softball
Images/3486154327_8be7c78569.jpg,a man is skating in front of a building,three children are sitting at the top of a flight of steps | three children are sitting on the top of a staircase | three children are sitting on top of a marble stair case | three kids sit atop the stairs | three small boys sit at the top of <unk> stairs surrounded by brick walls
Images/3486340101_ff01d8f3f9.jpg,a group of men racing on a track,a blue race car is coming around a corner | a blue <unk> rally car turning a corner with spectators | a group of fans cheer the blue mountain racing car as it rounds the corner | blue race car raises dust cloud on road as spectators take photos | spectators are taking pictures of a blue rally car that is driving around a bend in the track
Images/3486538055_bcf4d3dfda.jpg,a brown and black dog is running through a grassy area,a black dog and a brown dog are playing rough on green grass | a brown dog is biting a black dog | a german shepherd and a tan dog are fighting | a tan dog and a black dog fighting inside a fenced yard | two dogs biting each other playfully while jumping
Images/3487979741_5f244c0c4b.jpg,a man in a green shirt is sitting on a green bike in a park,a blurred picture on a bicyclist | a cyclist is leaning a mountain bike around a bend on a dirt track | a man in a green shirt rides a bike in the woods | a person riding a bike sideways through a dirt path | there is a person in a green shirt riding a bike at an extreme <unk> in a rural area
Images/3490867290_13bcd3a7f0.jpg,two girls are sitting in a field of <unk>,an indian boy looks at a black cow whilst a woman in a blue and green <unk> looks away | two <unk> asian women sitting outdoors behind a cow like animal | two people and a leashed cow at a home | two women in colorful clothes sit on the ground near their cow | two women in <unk> sitting near an <unk>
Images/3493844822_c315a11275.jpg,a man in a wetsuit is surfing on a white surfboard,a guy surfing | a male surfer in the air leaving the water | an airborne man on a surfboard | a <unk> wakeboarder is leaping high in the air | a young man on a white surfboard jumping over a huge wave
Images/350176185_b8c5591e36.jpg,a brown and black dog jumping over a hurdle,a dog is jumping down the stairs | a dog jumps down a flight of stairs | a german shepherd jumps off of a set of stairs | a woman watches a dog jump down the stairs | the german shepherd leaps off the stairs
Images/3502343542_f9b46688e5.jpg,a man in a red shirt is climbing a mountain,a woman wearing a white helmeted looking up as she is <unk> a huge rock wall | a woman is climbing up a steep mountain over water | people mountain climbing | people rock <unk> up a steep obstacle | these helmeted people are rock climbing outdoors
Images/3502993968_4ee36afb0e.jpg,a person on a bmx bike,a bike rider in green jersey races along a road | a biker looks back at the camera for a photo | a cyclist in a helmet and yellow jersey | a man in a safety vest riding a bicycle on the highway | a man in a yellow shirt riding a blue bicycle moving very fast
Images/3503011427_a4ee547c77.jpg,a man in a white shirt and jeans stands in front of a building,a man in a long sleeved white shirt is walking past something called the lounge bar | a man in a white <unk> shirt and black pants is walking on the sidewalk | a man is walking down a sidewalk under a lounge bar sign | a man walks on a fancy sidewalk next to an <unk> bar | the man wearing a white jacket and black pants is walking in front of a white building
Images/3503624011_733d745d5a.jpg,two young girls wearing red shirts and blue shirts are smiling,a girl with a star painted on her face smiles | a lady in a <unk> hat with red face paint | a woman wearing a red hat and face paint smiles at another woman | a woman with a painted face smiling | the woman has her face painted with a red star and is drinking a beer
Images/3504158556_1d410c8ff7.jpg,two girls are walking through a <unk>,some young boys hang out around their car | three men standing in front of a parked white <unk> | three teenage boys standing in front of a white car | three young black men lean <unk> a white jeep | three young men lean on the front of a <unk> truck
Images/3504940491_94c43792ed.jpg,a young girl is swinging on a swing,a woman and child fly <unk> through the air seated on an amusement park ride | a young girl is on a ride at an amusement park | smiling little girl on a carnival ride | there is a little girl riding a carnival ride | the young girl enjoys the swing at the carnival
Images/3507670136_2e5f94accf.jpg,a person on a bmx bike,a dirt biker is taking a large jump wearing a yellow suit | a man in yellow performs a bike trick | a motocross bike is jumping through the air over a dirt track | a person wearing yellow is taking a jump on a dirt bike | the motorcycle racer in a yellow uniform is in midair
Images/3515451715_ac5ac04efa.jpg,a boy wearing a blue shirt is swinging a swing,a mom is pushing her two kids on the swing | a mother pushes two children on swings at a park | a woman pushes a child on a swing while another swinging child looks on | a woman pushing two children on swings | two children on swings with a woman pushing them
Images/3516312179_f520469038.jpg,a baseball player swings a baseball,a baseball player in a red shirt and white pants is swinging the bat towards a yellow ball whilst three | a baseball player <unk> from an action <unk> a bat while opposing team members look on | a girl in a red and white uniform is swinging a bat | a girl swings a bat during a softball game | a woman swings at a softball on a playing field while other players look on
Images/3516521516_9950340b96.jpg,a soccer player in a red uniform is running with the ball,a soccer player kicking toward the ball with another player on the soaked ground | two men playing rugby collide | two men playing soccer on a wet field | two men playing soccer one on the ground holding the ball | two players are on a wet field and one is on the ground
Images/3517023411_a8fbd15230.jpg,a cyclist is performing a trick in the air,a biker is racing to keep up with the runners | a biker rides down the street | a man on a red bicycle rides past several pedestrians | a man with something orange on his helmet riding a bike in a busy setting | man rides on bicycle as other people walk
Images/3517127930_5dbddb45f6.jpg,a baseball player in a white uniform is dribbling the ball,a boy hits the ball at a baseball game | a softball player 's team watches as she swings at a pitch | batter hits a baseball | one of the members of a baseball team in brown and white is at bat | softball player swinging at a pitch
Images/3523471597_87e0bf3b21.jpg,a group of people walking on the street with a city skyline behind them,a couple are looking at an area map | a man and woman are standing in front of an art gallery looking at a map | tourists examine a sign | two people are reading a sign in front of a museum | two people read a sign in front of a museum
Images/3523874798_9ba2fa46e3.jpg,a young boy is doing a skateboard trick in a skate park,a boy in a white shirt and green helmet is riding a skateboard down some steps | a child in a helmet and gloves on a skateboard is airborne | a little boy in a helmet is doing tricks on a skateboard | a young boy is <unk> a jump on a skateboard | the boy does a skateboard trick
Images/3523950181_414978964e.jpg,a hockey player in red and white is defending the ice,a goalie is covering his net while two other hockey players chase after the hockey puck | a group of hockey players around a goal | men play hockey | the hockey players move quickly towards the puck | three hockey players are <unk> in a game
Images/3524612244_64f00afec5.jpg,a group of people sitting at a table,a blond woman pours wine for people while they watch tv | a group of friends sit around a table in front of a flat screen tv | a woman pours wine and watches tv | several people are sitting at a table drinking wine | some men and women drink wine while watching television
Images/3525403875_7f95e0cbfe.jpg,a white and brown dog is playing with a white dog,one white dog is running with a tennis ball in his mouth while another dog jogs along | the two dogs one with a tennis ball in its mouth are running through tall grass | two dogs one holding a ball | two dogs playing with a ball | two dogs walking through grass with the white one carrying a yellow ball in mouth
Images/3529314899_b4e533bb76.jpg,a hockey player is being tackled by a player in a red jersey,a hockey player in white tries to <unk> the puck from another player in red | a hockey player wearing a red uniform reaches for the puck as others follow | a red uniformed hockey player is attempting to control the puck while two white suited hockey players try to <unk> | people playing hockey on ice | two opposing hockey players make a play for the puck with opposing fans and team members watching
Images/3532412342_e0a004b404.jpg,a man and a dog are sitting on a red atv,a child rolls around in a large tire | a little boy is in a tire | boy crouched and gesturing with hands inside of a tire | child crouches in tire | the child is sitting in a large truck tire
Images/3533451027_b078e4631b.jpg,a man in a red uniform is hitting a soccer ball on a field,a man in black and white is holding a ball with a red and blue stripe | a man running with a ball | a rugby player blocks while holding the ball | a rugby player in dark gear is carrying a light colored rugby ball with arm outstretched | the man in the black and white shirt is running with a ball
Images/3533470072_87a5b595ba.jpg,two girls in red and white dresses,two girls giving the peace sign | two girls waving two fingers | two young girls one blonde one brunette are <unk> there lips and showing a peace sign with there fingers | two young women in identical blue dresses giving the peace sign in an auditorium | <unk> young ladies give the piece sign with their fingers to the camera
Images/3534952095_975cca0056.jpg,a man in a red shirt and black pants is riding a motorcycle,a lady riding a mini motorcycle | an african american woman rides her <unk> | a woman on a motorcycle is wearing heels | a woman wearing a black skirt and <unk> is riding her white and red <unk> | woman riding a small red and white motorcycle and wearing a matching red helmet and scarf
Images/3537400880_8f410d747d.jpg,a young girl jumping on a trampoline,a girl doing the splits in the air while jumping on a trampoline | a young woman is jumping on a trampoline | girl in black and white top and black leggings jumping on trampoline | the girl is jumping on a trampoline outdoors in a backyard | young woman jumping on trampoline
Images/3537474810_cf676b3259.jpg,three men playing soccer,a man in a blue uniform kicking the soccer ball down the field | a man in a sports uniform kicking a soccer ball while other players follow him | a soccer player in blue is striking the ball whilst being pursued by a player in green | a soccer player in blue uniform attempts to make a play with a player in green <unk> in | man in blue shirt kicks soccer ball
Images/3538527033_df13112d51.jpg,a group of people in a dance studio,there are three women wearing different dresses and <unk> dancing in the street | three girls dressed up dancing on city street | three women dance down the city street | three women dancing in a city street | three women in festive dresses are dancing in a large city street while a large crowd is behind them holding
Images/3541483943_9776baee7c.jpg,a skateboarder in midair,a man performing a trick on a skateboard at a graffiti covered skate park | a man wearing a grey shirt is doing a skateboard trick on stairs | a skateboarder has kicked his board up onto its back wheels in an indoor skate center | a skateboarder jumping down the stairs | the boy is jumping a skateboard down the steps surrounded by graffiti covered walls
Images/3544483327_830349e7bc.jpg,a man on a bicycle rides a bike,a man in all black is using a green bike to trick over a sign saying free dinner | a man is jumping on a green bicycle over a sign that says ' free dinner ' | a man jumping a sign on his bike | a man on a bicycle is jumping over a sign that says free dinner | boy on bike jumping over a sign
Images/3544793763_b38546a5e8.jpg,a man in a black shirt and white shorts is holding a basketball,a boxer in black trunks taking a swing at a boxer in white trunks | a man in black shorts is boxing against and man in white shorts | a man wearing black boxing shorts and white boxing gloves and a man in white boxing shorts and white boxing | two boxers fight in a well lit ring surrounded by <unk> lit seating | two men battle it out in a boxing match with white gloves
Images/3549408779_4d453db080.jpg,a black and white dog is swimming in a pool,a black and white dog is swimming in some water | a black and white dog swimming | a black and white dog swims in blue water | a small black and white dog is swimming in water | a small black and white dog paddles in some clear blue water
Images/3551170666_01df31412d.jpg,a white dog with a collar and a white dog,a golden retriever <unk> puppies | a white dog <unk> her <unk> | golden female dog feeding newborn litter of puppies | the dog and her puppies lay on a blanket | the <unk> dog is feeding her litter of <unk>
Images/3554210976_fbd0ef33a3.jpg,a man in a white shirt and blue pants is climbing up a rock,a girl is standing on a snowy cliff | a girl standing on a snowy hillside | a person in a blue tracksuit carrying a <unk> is standing on a snowy mountain | a woman in blue stands on a cliff 's edge holding a shopping bag | this person dressed in blue is standing on a snowy mountain
Images/3556037801_3992ce6826.jpg,a man on a bicycle is being ridden by another man in a wheelchair,a man is <unk> the wheel of a bicycle inside a cycling store | a man works in a bike shop | a woman in a bicycle store where two men are working on a bike | a woman in a red shirt is examining one of many bicycles while a man in a blue shirt is | people shopping in a bike shop
Images/3557316485_574a5f7a89.jpg,a man doing a skateboard trick on a skateboard,a man skateboarding | a person is skateboarding in a skate hole | a skateboarder approaches a ramp | a skateboarder riding up to a slope | a skateboarder skates in the pool
Images/3561314880_ea9a7e245f.jpg,a boy in a white shirt and jeans is sitting in a shopping cart,a dirty looking man standing in front of an <unk> red grocery <unk> | a homeless man has a shopping cart full of <unk> | a older man is wearing a torn up suit and is leaning on an orange shopping cart full of items | a scruffy man is standing in front of a red shopping cart filled with boxes | a <unk> looking man stands near a carriage full of <unk>
Images/3564007203_df2b8010f1.jpg,a man in a military uniform is holding a <unk> of military <unk>,a man is talking to a <unk> policeman outside a stadium | a man talks to a <unk> policeman | a policeman on a horse surrounded by on <unk> | a police officer on a horse stands in front of a red brick <unk> building | a police woman riding on a brown horse next to a man in a black jacket
Images/3564148252_aa4cb36a32.jpg,a motorcycle racer is being driven by a man in a red and white uniform,a man on a motorcycle touches his knee to the ground during a sharp turn | a motorcycle racer riding a yellow motorcycle | a person on a motorcycle | a yellow motorcycle and rider take a turn | the motorcycle rider in yellow and black is making a turn
Images/3564157681_03a13b7112.jpg,a man and a woman are playing with a dog,a dog catches a yellow frisbee thrown by a gray haired man | a man is watching a dog catch a frisbee in midair | a man stands by as a dog leaps to grab a frisbee while people sitting on a wall watch | a man tossing a frisbee to his dog that leaps to catch it | dog jumps to catch a frisbee while people watch
Images/3565749152_7924d15b04.jpg,a white dog is jumping in the air to catch a frisbee,a dog catches a frisbee in the front yard | a dog playing frisbee in the front yard next to a car | a white dog catches a red frisbee in the grass | a white dog jumping in the air to catch a red frisbee | the dog leaps to catch the frisbee in its mouth
Images/3568225554_73cdb19576.jpg,a man climbs up a steep rock face,a man in red rock climbing | a person in a red shirt is holding on to a natural formation | men try to climb up a large rock | someone climbing a rock upside down | two men are climbing on an <unk> shaped rock <unk>
Images/3571193625_835da90c5e.jpg,a dog is running through a field,a dog in water holds a stick in its mouth | a german shepherd is running with a stick in its mouth | a large yellow dog is retrieving a stick | a tan dog holding a stick in his mouth | the yellow dog is carrying a stick by water
Images/3572144280_ea42bbd927.jpg,a woman wearing a helmet climbs a rock wall,a man climbing up on a rock ledge | a man climbs some rocks | a man in black pants climbing a rock wall | man without shirt climbing rock face | the man is scaling a large brown boulder
Images/3578477508_b7d839da16.jpg,a skateboarder in the air on a skateboard,a boy wearing skates sliding down concrete railing of steps near a pole | a man is rollerblading down a wall beside some steps | a man is roller skating down the wall next to some white steps | a man on rollerblades grinding down a concrete handrail | a young man navigates a <unk> wall with inline skates
Images/3582914739_bef2828a06.jpg,a basketball player in white is defending the ball,a skater woman in a white shirt is skating along a track while others watch | a woman in a grey uniform participates in roller derby | a woman wearing a helmet is in a rollerskating competition | a woman with a gray helmet and black safety pads skates past the photographer | the athlete is wearing protective gear
Images/3582920844_2742804f3d.jpg,a person is surfing on a large wave,a long haired <unk> is swinging his wet hair around in the ocean | a long haired man in the water is swinging his head <unk> the water to spray in a spiral | a man wading in a lake <unk> his long hair into the water and quickly throws his head back making | a person in the water | a woman flips her hair full of water and sprays the water all around
Images/3584829998_25e59fdef3.jpg,a black and white dog is running on the grass with a dog in the background,a white dog and a black and white dog are playing while two more black dogs move towards them | a white dog two black dogs and a black and white dog are playing on the edge of a baseball | the dogs are playing at the baseball field | the dogs are running on the grass near a baseball field | the dogs run and play on the baseball field
Images/358875403_f357f03713.jpg,a white dog is swimming in a lake,a duck <unk> its wings near the water | a duck <unk> its wings out while in the water | a giant <unk> is waving its wings as it comes out of the water | a <unk> <unk> its wings | the large <unk> is flapping his wings near the water
Images/3590557969_d0270d518b.jpg,a man in a helmet is riding a bike on a rocky beach,a man wearing no shirt and a hat jumps in the air on a red bicycle | a man wearing no shirt does a trick on his red and black bicycle | a man wearing very little clothing is doing a jump on a red bicycle | a shirtless man jumping a bike in the woods | a shirtless man jumps his bmx bike
Images/3590753142_61993d39df.jpg,a young boy wearing a white shirt and jeans is standing in front of a building,a family is looking through <unk> at a city over a body of water | <unk> look across the water at a city | three people are standing at a fence looking at a <unk> filled city while one looks through a <unk> <unk> | three people lean against a railing and look at buildings across the water | three people standing on boardwalk looking at buildings across the water
Images/3591457224_88281dd04f.jpg,a group of people are riding on a roller coaster,a clown holding a broom with both arms raised | a clown in a colorful shirt and cowboy hat is raising his arms in a crowd of people | a man dressed as a clown is performing before and audience | a man wearing a purple hat and clown makeup is cheering to a crowd | clown holding broom smiles at people
Images/359173181_a75c950aeb.jpg,a dog is running through the snow,a dog leaps through a snowy field | a dog runs through snow covered ground near a tree | a dog runs through snow with a big tree in the distance | dog races through grass by lone tree | the brown furry animal is walking in the snowy grass with a tree behind him
Images/3593392955_a4125087f6.jpg,two dogs are running through the snow,a black and tan dog is running with a white and gray dog along dirt | the two dogs are running into the woods | two dogs run down a dirt path in the forest | two dogs running away from the camera in the woods | two dogs run on a dirt area near a forest
Images/3595080592_5fd55570e5.jpg,a young boy is holding a little girl who is holding a toy,two asian children standing on cement | two children smile | two children wearing colorful <unk> are walking next to each other | two children with adults in the background | two young boys smile and walk outside
Images/3596428453_8cfdec4869.jpg,a woman in a crowd is holding a football,a jogger wears a robot hat | a man jogs in a long distant race in a robot costume | a man wearing no shirt and a backpack runs with a box on his head | a man with no shirt and a robot head runs in a race | the shirtless male marathon runner is wearing a backpack and a silver robot looking helmet on his head
Images/3604928725_58147c87cd.jpg,a girl in a swimming pool is holding a boogie board,a child floating on a blue raft while a woman holds on to him while a black dog swims nearby | black dog swims behind two people on an inflatable blue raft | two people and a dog play in the water using a blue inflatable toy | two people swimming in water with a black dog trailing behind them | two people swimming on a floating while a black dog follows
Images/3608400551_d6f7965308.jpg,a man and a woman are playing with a dog,a man is playing fetch with a dog | a man with <unk> playing fetch with a white dog with a black ear | a tattooed man with a white dog jumping up for a stick | a white dog jumps in the air after a stick | the white dog jumps for an object thrown by his <unk>
Images/3610687607_895fdc94bd.jpg,a man jumps on a skateboard in a room,a man is jumping with his body forward toward a photograph screen and a large <unk> light | a man jumps towards a light with a white tarp behind him | a person falls through the air in a room with a step ladder in it | person jumps toward light in photo studio | there is a person in jeans and sneakers jumping off the ground towards a large white light
Images/3612249030_e2829ffa31.jpg,a young boy wearing a red shirt is walking on the beach,a boy carries a <unk> on the beach | a boy is carrying a black body board across the sand | a boy standing on a beach | a kid in black carrying a cushion | a young boy wearing a spider patterned shirt on the sand
Images/3618115051_41b5a7706c.jpg,a man and a woman are smiling,a couple in funny <unk> pose for the camera | a couple posing in <unk> | a man in blue and a woman in brown with orange hair are hugging | a young man and woman hug while wearing <unk> | the woman in the orange wig poses with the man in the black wig
Images/3619381206_5bc8b406f9.jpg,a woman in a red uniform and a helmet is riding a red and white motorcycle,a man in a wetsuit and helmet in front of a red wall | a man in a wetsuit and helmet walks in front of a bright red building | a man in scuba gear is walking | a man is <unk> up with gear to go diving into the ocean | a man is walking past a red building while wearing <unk> gear
Images/3621741935_54d243f25f.jpg,a woman with a ponytail is sitting on a bench,a girl has <unk> her bike by a bench so that she can eat and ice cream | a girl is sitting on a bench eating ice cream with a bike next to her | a girl with a hat is sitting outside on a table with a bike leaning against the table | a little girl eats ice cream near her bike | a young girl sits on a metal bench with her bike eating ice cream
Images/3626964430_cb5c7e5acc.jpg,a group of men playing rugby,people playing cricket in the park pine trees in the back | people playing cricket on a field | some adults play cricket on a nice day | some men are playing cricket in front of a white building | the men stand together out on the lawn
Images/3627679667_0e3de9fc90.jpg,a boy is surfing on a white surfboard,a blond girl rides the waves | a person in a black wetsuit is surfing a small wave on a beige surfboard | a woman is attempting to ride a small wave | person surfboards on a wave | the lady is surfing and riding a wave
Images/3629492654_619d7b67ee.jpg,a man is skating on a skateboard,a backlit skateboarder ollies over a parking cone | a boy does skateboard tricks at <unk> | a man on a skateboard jumping an orange cone | a silhouette of a skateboarder in the air | a skateboarder in silhouette jumps over an orange traffic cone
Images/3630991662_990f397f7c.jpg,a woman is standing on the shore of a beach,a woman in a black shirt and white headband stretches in the sunset | a woman stands with her arms in the air near the water at sunset | a woman stretches by the ocean at sunrise | woman stretching on a beach at sunset | young woman lifts arms in shadow ocean and sunset in background
Images/3631023049_8a85bab19f.jpg,children play on a trampoline,the children are on a tire swing | three children play in a large bowl shaped swing | three children ride on a round swing while another watches from the grass | three children riding on a large swing | three smiling children swing in a tire swing at a playground
Images/3631344685_ed0f3e091b.jpg,a football player in a red uniform is running with the ball,a baseball player just taking a swing at a stadium | a baseball player swings the bat as a catcher and <unk> watch | a batsman is about to swing for a baseball whilst the catcher and referee wait behind him | an <unk> in black watches a baseball game | the baseball player takes a swing
Images/3631671718_d712821757.jpg,a young girl is playing with a football,a girl plays t ball | a little girl about to hit a baseball off a tee | a little girl in a pink shirt takes a swing at a t ball | a little girl is swinging at a baseball | a young girl in a pink shirt gets ready to swing bat at a tee ball game
Images/3632197966_0c5061025f.jpg,a man on a bmx bike,a dirt biker clears a jump | dirt bikers <unk> a series of jumps | dirt bikes get airborne at a racetrack | the motorcyclist race on the course | two people on dirt bikes jumping dirt ramps with several people in the background
Images/3632842482_482f29e712.jpg,a dog is <unk> at a cat,a brown dog in a superman shirt is laying on a blue blanket | a brown dog is laying down whilst wearing a superman shirt | a dog in a superman shirt sleeps on a blanket | a dog wearing a t shirt is lying down | the brown dog with a superman shirt on sleeps on a blue blanket
Images/3635991166_f95304af0a.jpg,children are playing soccer on a field,four boys are outside at a playground with a green and yellow ball | four boys kneeling next to each other with a ball in front of them | four boys on a black top with a green and yellow basketball | four young boys pose with a green soccer ball in a park | there are four smiling boys with smiles on a playground with their ball
Images/3637966641_1b108a35ba.jpg,a woman in a red uniform is playing a sport in a field,a little league team tries to catch a runner sliding into a base in an afternoon game | a young baseball player sliding into a base while a dust cloud <unk> and the other team moves around him | boys playing baseball cars parked in the background | five little boys are playing baseball | kids playing ball in the park
Images/3643684044_a131168127.jpg,a man and woman are playing a guitar,a team of four <unk> <unk> a competition | four <unk> are sitting at a table with the center left one speaking | four people are sitting at a table with <unk> and bottles of water in front of them | man in red shirt speaks into microphone | the gentleman is speaking while the others are listening
Images/3645080830_1d9ee2f50a.jpg,a skateboarder in the air,a guy is doing a skateboard trick in the city | a man does a trick on his skateboard in an urban setting | a man flips his skateboard in midair above the concrete ground | a skateboarder doing a jump near some apartment buildings | this rooftop skateboarder flies high doing a trick to <unk> his friend
Images/3646970605_d25c25340b.jpg,a group of men and women are standing on a sidewalk,a group of <unk> men and women standing in a line in a yard in front of a tree | a group of adults are standing under a tree in front of a red brick house | a group of older men and women pose for a picture outside of a building | a large group posing for a photo on a lawn | the group of adults take a picture under the tree
Images/3649224118_abe73c672c.jpg,a group of young children playing in the sand on a beach,a group of guys are playing soccer on the beach | men playing soccer on red sand | several people on a beach and a ball | they are playing with a soccer ball on the beach | two young men play soccer on the beach
Images/365274901_576b0f8241.jpg,a brown and white dog is running through the snow,dogs running through snow | the dog is chasing the other dog carrying a stick in its mouth | the dogs play in the snow | the two dogs are playing fetch in the snow | two little orange and white dogs are in the snow
Images/3655155990_b0e201dd3c.jpg,two white dogs are playing in the water,two dogs playing in the water | two dogs playing in the water one is bounding at the other | two furry beige dogs playing in ocean surf | two white dogs are splashing around in white waves | two white long haired dogs playing in the ocean
Images/3670918456_68631d362a.jpg,a young girl is swinging on a swing,a girl rides on a swing | a girl swings high in the air | a little girl swings high in <unk> photograph | a young girl rides a swing high into the blue sky | the blond haired girl wearing the flowered dress is swinging on a swing towards the blue sky
Images/3674168459_6245f4f658.jpg,two men in white shirts and one is holding a sword,a female martial artist kicking another female martial artist in the face | one karate <unk> kicks a karate <unk> | one martial artist kicks another 's face during a competition | two female martial artists <unk> a kick for an audience | two women participate in a martial arts match
Images/3677613006_4689cb8e4e.jpg,a woman with a microphone is holding a sword,a disk jockey holds a picture of <unk> <unk> | a female dj holds up a <unk> <unk> <unk> | a girl holding a picture of <unk> <unk> smiling | girl in club dj both showing camera the cover of <unk> <unk> 's <unk> | the girl is wearing headphones and holding a <unk> <unk> <unk>
Images/3677693858_62f2f3163f.jpg,a young girl is swinging on a swing,a child is playing near a swing set with a <unk> in the background | a child jumping out of a swing near some bushes | a young boy jumps off a swing set | a young man wearing a blue shirt jumping off a swing set | young boy leaps from a swing
Images/3677927146_1696f0b075.jpg,a white and black dog is running on the grass,several large dogs are running through a large grassy area | three dogs moving through grass | three dogs on grass running towards the camera | three dogs running in a field of grass | three dogs run through a <unk> lawn
Images/3678100844_e3a9802471.jpg,a man in a red shirt is holding a cellphone while another man looks on,a lady with sunglasses on her head and a green sweatshirt is looking off camera | a smiling lady in a green jacket at a public gathering | a woman in a green jacket and black sunglasses outside in a crowd | a woman with dark hair is wearing a green sweater | woman with green sweater and sunglasses smiling
Images/3681172959_6674c118d2.jpg,a man and woman are kissing in a crowd,a girl in a blue shirt is grinning and walking in a crowd or people | a girl wearing a tight blue shirt and an army cap walks in a crowd | a woman in a blue shirt with no <unk> | a young woman with a green hat is walking in the busy street | the young lady walks down the street on a beautiful day
Images/3691800116_6a7b315e46.jpg,a man in a red uniform is pitching a baseball while a man in a white shirt and blue shorts,a batter playing cricket <unk> the ball and the person behind him is catching it | a cricket player misses the pitch | a man <unk> out playing cricket | a man wearing white including <unk> guards swings the bat in a cricket game | the three men are playing cricket
Images/3694064560_467683205b.jpg,a man and a woman are sitting on a bench,a man talks to a boy | an older man is speaking to a boy while both are sitting | two boys talking while wearing unique outfits | two males in <unk> costume are having a conversation | two people sitting on benches and looking at each other
Images/3695517194_2a6b604cb2.jpg,a woman in a black shirt is holding a football and is holding a football,a black soccer male soccer player in a purple uniform with a soccer ball on his head and a white | a man in purple <unk> the soccer ball with his head while a man in white battles with him | a man on the purple team heading the ball in a game against the white team | two guys <unk> while playing soccer | two guys playing ball and making faces
Images/3700554247_9824ae6f3a.jpg,a large white bird is flying through the air,a bird with a long orange <unk> drinks water | an <unk> stretches his neck to eat things out of the still water | a white crane looks for food in the water | the white bird stands in water near tall reeds | the white crane is <unk> for food in a pond
Images/3703107969_175da4b276.jpg,a man on a bicycle rides a bike,a boy performs a stunt on a bmx bike | a man does a bicycle trick on a concrete obstacle | a man doing tricks on a bmx bike | an extreme bicyclist is performing a jump with his bicycle and <unk> the bicycle while he is in the air | person doing a trick bike move in a <unk>
Images/3704431444_f337ec2b90.jpg,a black and brown dog is running through the water,a black and brown dog runs along the sand <unk> an <unk> wave | a dog is running parallel with the ocean waves | a dog running in the surf | a dog runs on the shore | the dog runs next to the crashing waves of the ocean
Images/370614351_98b8a166b9.jpg,two young women in colorful skirts are dancing,a man with a mohawk with his arms in the air | a man with multicolored hair wearing a <unk> outfit | a person in a kilt and a sports jersey and a mohawk is in a store | <unk> <unk> <unk> computer <unk> in the big box store | the man with the <unk> clothing and hair poses in a store
Images/3708177171_529bb4ff1d.jpg,a skateboarder performs a trick on a ramp,a boy is outside jumping over a flower bush on a skateboard | a skateboarder in black clothes jumps over a bench | a skateboarder is performing a jump from a wooden bench | a youth with brown hair is doing an ollie over a bench with his skateboard | skateboarder in the air by a bench with advertisement
Images/3710674892_857b8056f7.jpg,a baby in a green bib with a toy in his mouth,a boy holds a green apple in his mouth | a boy wearing a life jacket has an apple in his mouth | a child is holding an apple in his mouth | a young child in a life jacket eats a green apple | child with a green apple in his mouth is wearing a red life jacket
Images/3713177334_32f3245fd8.jpg,a young asian girl is sitting on a sidewalk with a shopping cart in front of a building,a group of people gathered around a mural in an urban area | a group of people painting the side of a building in an <unk> of colors | a mural is being painted on a wall | many people work on a brightly colored street mural | several people painting a colorful mural on a wall
Images/371364900_5167d4dd7f.jpg,a black dog is jumping into a pond,a black and brown dog is jumping on blocks of concrete in the water | a black dog carefully crosses over some water | black dog looking at his reflection in the water | black dog near a dock looks into murky water | the black dog jumps on a <unk>
Images/3719461451_07de35af3a.jpg,a man is diving into a water park,a <unk> flies over the water | a very large bird flying over water | a white <unk> is flying over the ocean | the white <unk> is flying over the ocean | white <unk> flying over ocean
Images/3721881082_afe9fc734e.jpg,two men in red shirts are dancing in front of a building,a woman and a girl sitting on a front lawn | a woman and girl wearing traditional clothes sits on the front lawn reading from a book | a woman wearing <unk> clothing is sitting on the grass reading to a young girl | the girl and a lady are sitting on a blanket reading a book | two women sitting on a blanket on the lawn while sharing a book
Images/3726130458_07df79e969.jpg,a baseball player is being tackled by a player in a blue uniform,a baseball player <unk> a ball with his bat high in the air | a baseball player in a white uniform is walking to base while a crowd of people watch from the bleachers | a baseball player near home plate | a baseball player raises the bat above his head | a baseball player runs to catch the ball
Images/3728015645_b43a60258b.jpg,a young man is rollerblading on a skateboard in a skate park,a man is posed standing on one hand on a skateboard ramp | a man on inline skates in midair | a skateboarder wearing a white cap is doing a stunt in a city skate park | a young man is skateboarding on a ramp and is standing on one arm | man standing on one arm with feet in the air on playground equipment with a body of water in the
Images/3730011219_588cdc7972.jpg,a young boy wearing a blue shirt is standing in the water,a man and a young child walk along the beach shore | a man and toddler are walking along the beach in front of the ocean | a man at the beach holding a pail standing next to a child | a man with a bucket and a girl in a hat on the beach | the man is wearing a black shirt holding a pail and walking with a child next to the water
Images/3730457171_e66dde8c91.jpg,a little girl in a pink dress is running on the grass,a little girl rides a toy bike and laughs | a little girl rides a tricycle | a little girl rides a tricycle | a young girl rides on a toy bicycle with her mouth open | little girl riding her toy on the sidewalk
Images/373219198_149af371d9.jpg,a brown dog is playing with a brown dog in a field of grass and a forest,a dog standing in a rocky area | a small brown dog stands on a driveway near wooden poles with his tongue sticking out | orange dog looks over shoulder near posts in rural area | the golden dog is standing by logs in a parking lot | the light brown dog is in an <unk> parking lot
Images/373394550_1b2296b8c4.jpg,two young children are eating ice cream,a child in a black cap sleeping across two chairs | a small boy in a hat asleep on a padded bench | a small child <unk> his thumb while sleeping with a pink blanket on a multi colored seat | a young boy wearing a dark blue hat sleeps on a bench at a <unk> | small boy sleeping on seats and sucking his thumb
Images/3737492755_bcfb800ed1.jpg,a <unk> <unk> <unk> buddha,a man dressed in an indian costume plays the drums | a man in black yellow carnival feathers playing the drum | a man in costume drums in a parade | a man wearing an indian costume is playing a <unk> drum | there is a man in a black and yellow outfit playing the drums
Images/3737711435_113ccd0a52.jpg,a girl in a bathing suit walks in a puddle,a girl in water wear has <unk> a stone off an enclosed body of water | a girl throws rocks into a lake | a girl throws stones and watches the lake splash | a girl wearing a blue and pink swimsuit is throwing stones into a lake | a woman skipping rocks on a lake
Images/3738685861_8dfff28760.jpg,a young girl is sitting on a bench,a blond child is playing with a metal yard <unk> | a child dressed in blue sits next to plants | a child in a <unk> shirt playing in a flower bed | a child plays outside by a garden | a small child is sitting playing with an <unk> in a small garden
Images/3738789925_7d17dbdf25.jpg,a child in a red shirt is swinging on a swing,a boy with blue eyes hanging off a play set | a child smiles and hangs off a small train | a little boy is hanging off a red playground | a young boy smiling while hanging from outdoor play equipment | a young boy with blue eyes plays on a red and yellow playground set
Images/375171241_0302ad8481.jpg,a man and a woman are riding bicycles on a city street,many people wearing silver <unk> are riding bikes on the street | several men in silver suits are riding bicycles across a street | three people in reflective clothing riding bikes | three people in reflective white on bikes | three people in silver suits are riding bikes in the city
Images/375392855_54d46ed5c8.jpg,a person in a black coat and red pants is snowboarding in the snow,a woman in a yellow and black outfit is skiing | a woman skier in yellow and black races down the slope in front of the snow covered trees | a woman skiing down a slope | a woman snow skiing in a yellow jacket and black pants | the woman in the yellow jacket is riding on snow skates
Images/3757598567_739b7da835.jpg,a young boy with a mohawk hairstyle on his head,a little boy with a bib on is watching the camera | a small child in gray and orange <unk> their eye while holding <unk> | a tan skinned child looking at the camera | a young boy <unk> as he is eating | the little boy is holding a spoon in his hand whilst <unk> one eye
Images/3758787457_1a903ee1e9.jpg,a woman is jumping into a swimming pool with a man in the background,a girl dives into the water while another girl watches her | a girl in a black two piece is leaping into the water | a woman in a bikini jumping off a dock into a lake | a woman in a black two piece bathing suit jumping into green water | a woman in a black swimsuit is jumping in a lake
Images/3759230208_1c2a492b12.jpg,a girl in a pink shirt is splashing in a pool,a boy at the end of a slip and slide | a boy is being splashed in the face whilst riding a blue ring along a yellow water slide | a young boy slides down a water slide with his eyes closed | a young boy slides on a slip <unk> slide | a young boy splashes down a water slide on a lawn
Images/380590140_25b9889772.jpg,a woman walking down the street with a city street in the background,a busy highway scene with a woman crossing a crosswalk on the left | a lady crosses a busy road on the crosswalk | a woman crosses a street while traffic lines up in the opposite direction | street with traffic with one person in crosswalk two others at corner and one person sitting on ground | woman walking in crosswalk near a busy street
Images/389643437_9a9830a3ba.jpg,a young girl with a camera is blowing bubbles,a girl in a white cap eats a <unk> of fruit next to a girl in a blue cap who | one young girl eats fruit while another eats chocolate | two children taking in a snack | two girls sitting in the grass wearing hats eat <unk> | two girls with baseball caps are eating a snack outside
Images/391579205_c8373b5411.jpg,a woman is playing with a basketball on the court,a dog jumping up to touch a woman 's hand | a dog jumps to an elderly woman | an airborne dog on a leash with a woman | the small dog is leaping in the air toward the woman 's hand | the woman in the blue sweater <unk> the dog to jump in the air
Images/393958545_48c17c66d1.jpg,a black dog is running through a grassy area,a black lab is running in a race | a shiny black dog runs on the grass during a bright and sunny day | the big black running dog is wearing a strap around its chest | the black dog is running through the clearing | the large black dog is running through a grassy area
Images/396179143_e1511336e1.jpg,a dog is jumping in the air,a golden retriever on a leash moves through snow | a large golden retriever on a leash standing in the snow | a tan dog on a leash walks in the snow | tan dog on lead standing on surface covered with white snow | the small dog on the leash is walking through the snow
Images/396763804_3b7f1e12a8.jpg,a brown and white dog is running on the sand,a black and white dog is running through the sand on a beach | a brown dog with white paws running on the beach | there are two dogs running on the beach outside | two dogs are playing on the beach together | two dogs run along a beach
Images/403523132_73b9a1a4b3.jpg,a small brown and white dog is playing with a red toy,a dog is about to get a ball that is on orange carpet | a dog on wood floor is staring at a yellow ball that is lying on orange carpet | a little brown dog stares at a tennis ball on an orange carpet | puppy playing with a tennis ball on an orange rug | the dog crouched on the orange rug and <unk> at the tennis ball
Images/404216567_75b50b5a36.jpg,two men on a <unk> day,a person in uniform is standing in front of a <unk> bridge | a woman in a bright safety jacket is standing next to large <unk> | a woman wearing a <unk> safety jacket stands near equipment | a woman wearing a neon jacket standing next to a large machine | the woman is wearing a yellow jacket and blue pants
Images/405537503_f66ecc5073.jpg,a man climbs up a steep rock face,a blond climber with a white shirt is scaling a stone cliff | a lone man climbing the side of a large rock wall | a person climbing a rock face | a rock climber | a young man is climbing up a rock face with one rope dangling down
Images/406642021_9ec852eccf.jpg,a man climbing a cliff face,a climber wearing a red shirt is climbing a rock face on a snowy day | a man in a red shirt climbing a rock with his bare hands | a man is climbing over a short but sheer rocky cliff | a mean wearing a red shirt clinging to a rock face | a person scales a rock
Images/408233586_f2c1be3ce1.jpg,a dog is splashing in the water,a brown and black dog fetching a tennis ball in a lake | a dog in water with its head <unk> to the side looking at a ball | a dog is running through the water chasing after a ball | a dog is shaking off water in a lake as a red and green tennis ball floats by | a dog playing with a ball in water
Images/410453140_5401bf659a.jpg,two people are in a field of <unk>,a man is standing in front of glass doors with a blue spot and a pink spot | a man is standing outside the glass doors of an art center | a man stands at the entrance of <unk> <unk> center for the arts | a man walking through glass double doors | person standing at glass doors with big blue circle and big pink circle
Images/411011549_1298d2b4d2.jpg,a brown dog is sitting on a wooden bench,a medium brown dog is jumping over a short brick wall surrounding some dirt | a puppy jumps off a low brick wall | a small tan dog is jumping over a brick wall | a small tan dog jumps off of a brick enclosed garden | the small brown dog is leaping over the brick wall
Images/412082368_371df946b3.jpg,two men in red shirts are playing a game of <unk> and <unk>,a boy holds a blue stick as a man holds a pinata above him | a child gets ready to swing at a pinata | a young boy is getting ready to hit a pinata with a blue baseball bat | boy in red shirt getting ready to hit the pinata | the young boy takes a swing at the pinata
Images/413737417_b0a8b445e9.jpg,a man is sitting on a rock overlooking a valley,a group <unk> in a <unk> area | a group of people are camping out on some rocks | a small group of people stands in a rocky field surrounded by camping equipment and patches of snow | people with camping equipment on rocky ground | three cold men set down their <unk> in a ditch
Images/418616992_22090c6195.jpg,two dogs run through the water,a dog enjoys a romp in the water with mountains and sand in the background | a dog running at the shore of a lake hill in the background | a white dog is running in a pond near the shore | a white dog running through the water on the shore 's edge | the white dog ran in the shallow water
Images/41999070_838089137e.jpg,three dogs are playing in the water,a few dogs swimming in a lake | a group of dogs in water playing with toys and balls | a group of dogs playing in a large pool | many dogs are swimming and playing in a fountain in a public park | several dogs swim in a pool and two black dogs are playing tug of war with a toy
Images/421932359_edbf181f44.jpg,a dog runs through the grass,a black and white dog is running towards the <unk> | a brown and white dog is running across a brown field | a dog running through a field towards a camera | a dog with its ears up runs on brown grass | a white dog running on dirt
Images/424416723_19c56cb365.jpg,a black dog is running through a grassy area,a black dog jumping | a brown dog is jumping on its hind legs | a brown dog is leaping into the air in front of a wooden structure in a pine forest | a brown dog jumping off the ground in the woods | the dog leaps into the air in a field
Images/426191845_1e979e9345.jpg,a white dog runs on the beach,a dog is playing by itself on a beach that has recently seen <unk> | a dog is running in the dirt and snow | a dog running on the sand | a dog walking along a snow drift | a yellow dog is running down a sandy and snowy hill
Images/427082246_5bf1c3676f.jpg,two dogs are playing in a field,a man in a yellow shirt training a black poodle | a man in a yellow sweatshirt and black pants plays with a black poodle | a man wearing a yellow shirt is playing with his black poodle | a man wearing a yellow sweater playing with a black dog in a grassy field | man in yellow jacket teaching his black dog to do a trick
Images/427167162_2c99779444.jpg,two men and a woman are walking on a sidewalk,a group of men are fighting in front of a bar in a european city one of them hitting another | a group of people jumping away in a street | eight men fighting in the street | group of people fighting on a street | men fighting in front of a bar
Images/428483413_b9370baf72.jpg,two men are standing in front of a bar,a blond girl standing in front of a large metal fan | a man and woman walking past a record shop | a woman and a man are passing by a window displaying a record | a woman and a man stand outside a store | a woman with dirty blonde hair and sunglasses and a man with dark hair stand in front of a record
Images/429283612_37f6e7fb7f.jpg,a man stands on a mountain with a mountain in the background,a man and a woman looking at <unk> | two people are observing some <unk> | two people are standing on a hill overlooking rolling green grass | two people take in the view from a hillside | two tourists photograph a countryside and <unk>
Images/438639005_208bc59b0b.jpg,a little boy in a blue shirt and a white soccer ball is running in a field,a boy in red and a girl pink are walking through a low cut field | the little boy and little girl are walking side by side | two small children walk away in a field | two small children walking in a field | two young children are walking across an open field
Images/439916996_1ddb9dc8e7.jpg,a dog jumps up to catch a red ball,brown dogs and a woman in a yard | a brown dog <unk> a frisbee across the grass as the <unk> watches | a woman in a blue jacket watches as her two brown dogs play with a red ball in a grassy | a woman throws a frisbee for her two brown dogs to chase | a woman watches a brown dog run away from a house across the grass
Images/444057017_f1e0fcaef7.jpg,a girl in a pink shirt is climbing a rock wall,a little girl gets her picture taken while on the merry go round | a little girl in pink clothes holding yellow <unk> | a little girl on a piece of playground equipment | a little girl sitting on a playground ride | a young girl looks up as she rides on a merry go round
Images/458183774_afe65abf67.jpg,a dog is jumping in the air to catch a ball,a dog rolls on his back in the grass | a large tan dog is rolling around on its back in a yard of grass | a large tan dog is rolling in green grass | big yellow dog rolling around on the green lawn | large dog rolling on its back in green grass
Images/460781612_6815c74d37.jpg,a dog jumps to catch a frisbee,a black and white dog catches a frisbee in midair | a black and white dog is <unk> and has a frisbee in his mouth | a black and white dog jumps up in the air to catch a frisbee | a dog jumps in the air catching a frisbee in its mouth | a white dog in a jump holding a plate in his mouth
Images/460935487_75b2da7854.jpg,a white and black dog is standing in front of a fireplace that is parked in front of a fireplace,a black and white dog is running up a path towards some potted plants | a dog follows another dog around the corner but looks back | a dog is turns back toward the camera near some potted plants | a dog turning to look at the camera | a white and black dog in a hallway filled with potted plants
Images/462080147_ca088e6541.jpg,a woman with a black bag is talking to a man who is wearing a black jacket and a black,a man holding a bottle of wine with a box on his head | a man holding a wine bottle and wearing a box on his head is standing next to a man wearing | one man wearing a black hoodie sweatshirt and another wearing a box over his head | one person is wearing a box on their head and holding a bottle while another man is standing next to | two men one with a box on his head holding a bottle
Images/462198798_89e2df0358.jpg,a dog is running through a stream,a big black dog is walking along the water 's edge | a black dog and its reflection are seen near a pond <unk> by dry foliage | a black dog is walking beside water in the woods | a black dog walks along a marsh 's edge | a dog is walking near a body of water
Images/463978865_c87c6ca84c.jpg,two people walking on the street with a city skyline behind them,a man sitting on the left near a man walking along the side of a street with colorful buildings | a man walking by a sitting man on the street | a man with dreadlocks and a backpack walks down the sidewalk with colorful buildings in the background | a white man with dreadlocks walks down the sidewalk | two boys are on the sidewalk as cars pass by on the road
Images/468930779_8008d90e10.jpg,a brown dog is shaking water off of itself,a brown dog carrying a stick in its mouth | a dog has its head coming up from the water as it holds a stick | a dog swimming with a stick in its mouth | a swimming dog with a small branch in its mouth | closeup of a brown dog in the water holding a very large stick
Images/471402959_0b187560df.jpg,a boy in a red shirt is sitting in a chair,an african american woman wearing an orange dress with a hood is covering her face with her hand while sitting | a woman in an orange hooded outfit is sitting with her hand on her face | woman in a red headscarf covering her face | woman in orange clothing putting her palm over her face | woman in orange headscarf with her hand over her face sitting in a blue chair
Images/475980315_b8ecd50094.jpg,a white dog is swimming in a pool of water,a white dog fetches a stick as he swims in a lake | a white dog holds a stick while swimming | a white dog retrieves the stick from the lake for her owner | a white dog swims with a stick | white dog retrieving stick from water
Images/476233374_e1396998ef.jpg,a girl is sitting on the edge of a beach,a little boy and a little girl are playing with <unk> on the beach | a small boy and girl on the beach 's edge looking at the ground | two kids playing on a <unk> beach by the water | two little kids play on a <unk> covered beach | two young child stand on the rocks near the edge of the water
Images/481732592_b50194cb89.jpg,two young men sitting on a bench,a <unk> old man stars at a young couple as they smoke a cigarette | a man and woman sitting with a man standing to the left | an older man stands over two <unk> at the corner of an unusual building | a red haired man in white pants <unk> at a couple sitting on a step | several people standing and sitting outside on the sidewalk
Images/488549693_a1f51d8c4a.jpg,two young girls are running through a field of tall grass,two children are standing on the shore next to a body of water | two children standing at the edge of a river holding a butterfly catcher | two children stand with a net by a shallow shore | two girls look into the water | two kids playing on the beach close to the water
Images/489372715_ce52da796a.jpg,a brown dog is running on the sand,a brown dog is shaking his head while standing on sand | a brown dog with large ears is shaking its self while standing on sand | an orange dog shakes his head very hard on the sand | a tan dog shaking its body | the orange haired dog <unk> its head while standing on the beach
Images/489865145_65ea6d1c14.jpg,a woman in a red dress and black pants is standing in front of a brick wall,a teenage girl with a shaved head walks in a brown skirt and blue jean jacket | a woman wearing a denim jacket walking along a sidewalk | a young woman with a <unk> head in a brown skirt and sandals walking past a stone building | girl with shaved head walks on path beside building | the girl with a shaved head is walking outside on the sidewalk
Images/492493570_c27237a396.jpg,a girl in a pink shirt and blue shorts is jumping into the water,a girl chases a bird across the sand at the edge of the ocean | a girl in a pink suit chases a <unk> on a beach | girl in pink bathing suit with right arm in air behind a seagull on the beach near the water | the little girl plays along the shoreline as the seagull passes by | young girl in red bathing suit feeding a seagull
Images/494329594_6e751372a0.jpg,a woman in a dress is walking next to a girl in a pink dress,a black woman in a pink bikini is sitting on a towel on a lounge chair | a girl with hot pink <unk> nails and bathing suit is laying on a hot pink towel | a woman in a pink bikini is laying on a deck lounge chair that is covered with a pink towel | there is a very <unk> <unk> woman on a pink towel <unk> on a lawn chair next to her flip | woman in pink is <unk>
Images/495116214_f1df479fb0.jpg,a dog is running on the sand,two black and white dogs on the sandy beach fighting over a long stick | two dogs carry the same stick in their mouths as they walk on the sand | two dogs holding one stick on a beach | two dogs on the beach fight over a stick | two dogs on wet sand each biting the same stick
Images/498957941_f0eda42787.jpg,a young boy wearing a red shirt and black pants is running on the grass,a boy in a blue shirt is running | a distorted image of a young boy running | a little boy running blurry picture | a young boy runs | little boy running very fast
Images/501650847_b0beba926c.jpg,a dog is playing with a ball on a field,a brown dog starring at a soccer ball | a man holding out a deflated soccer ball to a grey dog | large gray dog being handed a white soccer ball | someone is holding out a <unk> ball in front of a brown dog with a red collar | the owner tries to hand a deflated ball to his dog
Images/507758961_e63ca126cc.jpg,a girl in a pink shirt is blowing bubbles with a brown and white dog,a child in a white and orange outfit doing push <unk> | a girl wearing blue goggles on her head makes a face while laying on the grass | a little girl makes a goofy face and does a half push up in the grass | a little girl with a bow in her hair doing a push up on the grass | child lying in the grass and wearing blue swim goggles on its head
Images/508261758_78fb8ae067.jpg,two children are sitting on a couch,three girls fell on top of one another and are laughing <unk> | three girls pile on top of each other on the concrete | three girls playing on the ground | three teenage girls rolling all over each other on the ground laughing | three young girls play wrestling and laugh a lot
Images/509778093_21236bb64d.jpg,a brown and white dog is playing with a tennis ball,a brown and white dog chasing a ball on some grass | a brown and white dog has is playing with a white ball on the grass | a collie plays with a white ball in a field of green grass | a orange dog playing with a white ball on green grass | a small brown dog paws at a white ball
Images/512101751_05a6d93e19.jpg,a white dog with a red collar is running on a grassy field,a muzzled white dog is running on the grass | a white dog with a muzzle is running on the grass | a white dog with a muzzle is running through an uncut field with a fence nearby | a white dog with a muzzle trots on grass in front of trees | white dog with a muzzle running in the grass
Images/513116697_ad0f4dc800.jpg,a person is climbing up a snowy mountain,a lone skier jumping on the side of a snowy mountain | a skier jumps over a <unk> | a skier doing a flip while jumping | the skier does a flip | the skier does a high flip over snow in the mountains
Images/514990193_2d2422af2c.jpg,a white dog jumps on a bed with a blue and white guitar,a woman is laying on a striped couch on a grassy yard in a residential neighborhood | a woman lays on a sofa in a yard | a woman lies down on an old couch sitting on the grass | girl poses on couch on suburban lawn | there is a couch sitting on grass with a girl in jeans and light brown hair on it
Images/515702827_be3c6ce857.jpg,a man in a red life jacket is waterskiing,a child in a pink hat on a pink surfboard | a girl in pink and man in black paddle through water | a man in a black shirt swims next to a girl on a pink surfboard | a man swimming beside a girl on a pink body board | two children splash through the water one is wearing a pink swim cap
Images/519754987_51861fea85.jpg,two girls are sitting on a bus stop,a skinny girl rides by on a bike with a lot of people in the background | a thin young woman in a green t shirt <unk> by a grey car | a woman riding a bicycle past a car and a group of people on a sidewalk | a young woman riding a bike down a street past a crowd of people | people of all <unk> on a busy street
Images/520491467_54cbc0a866.jpg,two children are sitting on a wooden table in front of a building,a little boy and girl are jumping on a trampoline in front of a yellow building | two children a boy and a girl in the air above a trampoline | two children jumping on a trampoline | two children jump on a trampoline | two young children bounce on a short trampoline
Images/521186251_e97d1f50f8.jpg,a group of people in a blue raft on the water,four children lay on a tube | several girls on a raft floating in rough waters | the four kids are riding a raft on the water | the kids ride a boat in the water | three girls and one boy are holding onto a raft as they are being pulled by a road through the
Images/532457586_bddfc5251d.jpg,two men sit on a bench,a shirtless man with a brown and white dog looking at a woman in jeans and a bikini top who | a shirtless man with a dog next to him talking to a shirtless girl <unk> on a bench | a woman in a bikini top is on the bench and a man with no shirt is talking to her | a woman is sitting on a bench while talking to a shirtless man | a woman with a hat is sitting on a skateboard which is on top of a bench and speaking with
Images/533713007_bf9f3e25b4.jpg,a woman is eating a book,a young boy sits at a picnic table and drinks out of a small cup | boy drinking at backyard table full of bowls of food | child sitting at a backyard picnic table | little boy is drinking out of a glass at a picnic | the boy drinks from a plastic glass while sitting at a table with food on it
Images/534056823_0752303702.jpg,a man in a white shirt and sunglasses is holding a camera,a girl posing next to a big statue with a big nose | a woman having her picture taken in front of a large carving | a woman poses for pictures with a statue of a <unk> | a woman poses in front of a statue while a man and another woman photograph her | woman in black shirt posing for pictures in front of statue
Images/535399240_0714a6e950.jpg,a girl in a red shirt is sitting in a blue and yellow vehicle,a boy and a girl are riding in a red seat on a fairground ride | a girl and a boy enjoy a fast amusement ride | a young girl and boy on a ride at an amusement park | two children ride in a red seat on a fair ride and smile | two kids are on a fair ride and are <unk> to one side of the car
Images/537479916_c033897fac.jpg,a black dog is jumping up at a black dog in a park,a black dog <unk> running down a blue and orange ramp | a black dog has just run down a blue and red ramp on an obstacle course | a dog and person doing an agility course | a dog runs dog a ramp | a dog runs down a ramp past its trainer
Images/539744890_85e63f5854.jpg,a young boy playing on a basketball court,a man and young boy play on the monkey bars | a man holding a young boy so he can cross the monkey bars at the playground | a man in orange shorts holds a child up on play equipment | a man lifts a child up to reach the bars at a playground | a man <unk> a boy as he plays at a playground
Images/543603259_ef26d9c72d.jpg,two people are sitting at a table with a microphone,a lady waiting | an asian woman stands with her <unk> bag | a woman looking away from the camera and another woman standing next to a wall and by a fence | a woman with a bag stands on a street near a man leaning on a wall | women wait on a sidewalk
Images/544301311_5e7d69a517.jpg,a woman wearing a white shirt and sunglasses sits on a bench,the women sit outside on the steps reading and drinking | two girls sit by a doorway on the steps | two women in <unk> dress sitting in a doorway | two women in traditional european dress sit on a stoop one drinking the other reading | two women with white head garb and long dresses sitting in front of a door on steps reading and drinking
Images/561179890_af8e31cb2e.jpg,a man and woman are standing on a rocky shore,a bearded man with a backpack on his back holding a tripod in front of a rocky creek and bridge | a man dressed in warm clothes stands before a bridge that traverses a river | a man standing in front of a wooden bridge near a rocky river | the man is walking outside near a rocky river | there is a man with a moustache cap and backpack standing by a bridge that running crosses water
Images/566794036_60f7acdf35.jpg,a boy in a blue shirt is running in a field,a man wearing red shorts dribbles a basketball behind him | a man with no shirt plays basketball | an athlete in red shorts is caught frozen during a basketball move | a shirtless man in red shorts bouncing a basketball on a court | man in red shorts bouncing a basketball
Images/566794440_f9ec673a2f.jpg,a boy in a red shirt is playing baseball,girls with baseball gloves walking across a baseball field | a woman in camouflage and her hair up in a ponytail walks on the field with a black softball glove | a woman playing baseball walks back to her base while her <unk> teammate follows | a woman with a glove on a baseball field with another woman | the girls return to the field during their softball game
Images/576920249_df1bdc2068.jpg,a group of people are watching something in a parade,a child in a white shirt clapping their hands | a girl raises her hands up in a crowd of people | a little boy wearing a white shirt and gray pants appears to be dancing | a young boy dances in a crowd | crowd of people outside with child in center with hands raised
Images/613030608_4355e007c7.jpg,a man in a black shirt and a white shirt is playing a guitar,a child holding up a sign with a skull and crossbones | a child wearing a pirates costume holds up a skull and crossbones sign | a little boy dressed as a pirate holding up a skull and crossbones 's flag | a little boy dressed as a pirate is holding up the skull pirate flag | a young boy dressed like a pirate is holding a sign with a skull and crossbones on it
Images/621000329_84f48948eb.jpg,a baby with a red and white striped shirt is eating and a blue shirt,a little girl smiles as she wears a white bowl on the top of her head | a smiling blonde girl with a red striped shirt is sitting in a chair at a table with a white | a smiling young girl sitting at a table has an upturned bowl on her head | a young girl in a striped shirt wears a bowl on her head | a young girl sitting at a table with a bowl on her head
Images/635444010_bd81c89ab7.jpg,a woman in a dress walks down the street with a pink purse in her hand,a large woman with a pink feather <unk> <unk> down the sidewalk | a woman in a blue dress a cowboy hat and a pink <unk> walks down the street | a woman in a pink scarf walking down the street | a woman with a pink <unk> walks down a sidewalk | the woman has a pink <unk> scarf
Images/639120223_7db6bdb61f.jpg,a woman is sitting at a table in a restaurant,two grocery store <unk> talk at a <unk> | two people are working at a coffee shop | two workers at a grocery store | two workers at a grocery store observing something out of camera range | two workers in a store are wearing <unk>
Images/639865690_d66d480879.jpg,a man is throwing a large stick while a woman walks away from a crowd of people,the two boys are playing with fake swords | two boys fighting with <unk> sticks shaped like swords one standing the other kneeling | two boys play swords in the grass with <unk> | two boys play with large sticks in the yard | two young boys are swinging stick swords at each other in the grass
Images/640053014_549d2f23d2.jpg,a person on a bmx bike,a cyclist on a neon yellow bike is airborne | a motorcyclist is attempting a jump with another motorcyclist nearby as well as onlookers | a person in a red white and blue jumpsuit flying through the air on a yellow motorcycle | a person in midair on a yellow motorcycle | a person on a yellow dirt bike is taking a jump
Images/69189650_6687da7280.jpg,a brown dog is running through a grassy area,a brown dog is running through a brown field | a brown dog is running through the field | a brown dog with a collar runs in the dead grass with his tongue hanging out to the side | a brown dog with his tongue <unk> as he runs through a field | a dog running in the grass
Images/693785581_68bec8312a.jpg,a young girl is playing basketball and playing a game,a boy does a flip while another boy stands on the <unk> | a boy standing on a red mat with a person upside down in the background | a child does a flip behind a small boy | a young boy is standing near another doing a back flip | two kids playing on mats
Images/696663662_232edd58af.jpg,a baby in a blue and white shirt is eating a <unk>,a boy with a broken arm is resting in a bed | a boy with a broken arm is sleeping | a boy with his arm wrapped in an <unk> <unk> rests in a bed | a kid with a broken arm asleep in his bed | child in blue shirt with eye closed and left arm wrapped with <unk> <unk> and propped on a white pillow
Images/707972553_36816e53a2.jpg,a woman is holding a fishing pole in the ocean,a child in a straw hat stands on stones at a beach | a kid wearing a hat and wet pants stands on a rock at the beach | a small child wearing a hat is playing on rocks at the edge of a body of water | child wearing a hat steps on rocks on shore water in background | lady with straw hat covering face and head standing on a rock in front of the ocean wearing red sandals
Images/733172023_5810350af6.jpg,two young girls are sitting on a table in front of a christmas tree,a girl in an orange tank top stands outside a cafe | a girl standing outside of a clothing shop | a woman stands near chairs and tables outside a store | a woman stands outside near a dress shop | there is a sidewalk with a rack of dresses and a girl in jeans and a red shirt
Images/752052256_243d111bf0.jpg,a group of children are sitting in a room with a man in the background,a child is squirted with water while older people sit and watch | a child surrounded by adults in lawn chairs being splashed out of a bottle of water | a group of older women watch a little boy laugh as he gets squirted with water outside | a young boy smiling with people looking in his direction and a bottle to his left | the family enjoys an afternoon at the park in the shade
Images/753285176_f21a2b984d.jpg,a man and a woman are running through a field of flowers,an adult and a child hold hands as they walk up a grassy hill | a woman and child are holding hands walking up a grassy hill on a fair day | a woman and child walking uphill | a woman and young girl climbing a grassy hill | a woman with her sweatshirt tied around her waist holding hands with a young girl in a green shirt as
Images/758921886_55a351dd67.jpg,a girl in a pink dress is holding a large stick,a girl wearing a blue dress is sliding down a tube slide | a little girl in a white top is inside a concrete tube | a little girl is sliding down a tunnel smiling | a little girl smiles as she slides down a tube on a sunny day | a young girl in inside a tunnel
Images/771366843_a66304161b.jpg,a man stands on a mountain with mountains in the background,the men are in a rocky mountain area | these two people in hats are standing on rocky terrain with their arms around each other | two men are standing in front of a snow <unk> mountain | two men pose on a rocky area in front of a snowy mountain | two men posing for a piece in front of snowcapped mountains
Images/856985136_649c0a3881.jpg,a woman is taking a picture of a young girl in a pool,a girl touches the fountain with her foot | a woman in <unk> jeans crouches on the edge of a fountain with her left foot kicked out to touch | a young woman tries to stick her foot in a fountain | woman balancing on edge of fountain while sticking her <unk> in the water | young blonde woman putting her foot into a water fountain
Images/861661418_8a37024ace.jpg,a brown dog is playing with a white and blue toy,a brown dog picks up a <unk> from a stone surface | a brown puppy chewing on a stick | a dog with big ears is holding a small stick in its mouth | a puppy has a stick in its mouth | a puppy with big ears chewing on a stick
Images/911795495_342bb15b97.jpg,a girl in a red shirt is playing with a red ball,a girl sits on a swing | a girl wearing an orange shirt holds onto poles and looks down | a soft focus picture of a little girl wearing an orange sweater | a young girl with long brown hair holding a black and red striped stick | the girl in the red shirt smiles on the swing
Images/923550133_ac9d7a2932.jpg,two young girls are sitting on a dock in front of a building,two girls are sitting outside on the ground in front of a lake | two girls sit beside a river under a tree | two girls sit on the edge of a river | two girls sitting beside the water near a tree | two girls sit under a tree by the water 's edge
Images/929679367_ff8c7df2ee.jpg,a dog is standing on its hind legs with a ball in its mouth,a beagle is playing with a tennis ball | a puppy dog is playing with a tennis ball | a puppy is playing with a tennis ball on a well <unk> path lined with <unk> bushes | a puppy plays with a tennis ball on a stone path | a white <unk> beagle plays with a tennis ball on a garden path
Images/937559727_ae2613cee5.jpg,a woman with a white shirt and sunglasses is smiling,a blonde fisherman standing in the water prepares his <unk> | a fisherman wearing a <unk> jumpsuit looks at something in his hand | a man <unk> a line | a man in fishing overalls in the water | the fisherman stands in water while looking at something small in his hands
Images/94232465_a135df2711.jpg,a person in a red jacket and black pants is riding a snowboard,a lady ice skates while pulling a child in a buggy | a mother pulls her daughter in a wagon over a snowy plain | a woman pulling a wagon with a girl in it across a frozen lake | the girl pulls a toddler in a cart while skating on the ice | the woman is ice skating and pulling the little girl in the cart across the ice
Images/942399470_6132d3e5d2.jpg,a man with a hat and a hat is sitting on a park bench,a bearded man is sitting on a bench wearing a fur lined jacket and hat | a bearded man with animal <unk> coat and hat | a long bearded man wearing a coat fur vest and <unk> <unk> fur <unk> hat | man wearing animal <unk> sitting on a green bench | the man with a long beard and moustache wearing a hat sits outside
Images/954987350_a0c608b467.jpg,a girl with a purple dress is holding a cup of her hand,a female in a pink tank top drinking beer | a woman in a dark pink tank top has a bag across her shoulder | a woman in a pink tank top drinking out of a plastic glass | a woman in a pink tank top holds a plastic beer mug | a woman wearing a pink tank top holding a mug of liquid
Images/967719295_3257695095.jpg,a dog is jumping into a lake,a dog jumps into the pond | a dog leaping into the water near a <unk> | a light colored dog jumping off the back of a boat into the water | a tan dog jumping off of a boat into the water | the yellow dog is jumping off of a ship into the water
Images/97577988_65e2eae14a.jpg,a person in a yellow helmet is riding a mountain,a man mountain climbing up an icy mountain | an climber is ascending an ice covered rock face | a person in orange climbs a sheer cliff face covered in snow and ice | person in a yellow jacket is climbing up snow covered rocks | there is a climber scaling a snowy mountainside
Images/985067019_705fe4a4cc.jpg,a boy is jumping from a blue slide,a boy goes down an inflatable slide | a boy in red slides down an inflatable ride | a boy is sliding down in a red shirt | a child going down an inflatable slide | a young boy sliding down an inflatable is looking off camera
Images/987907964_5a06a63609.jpg,three dogs are playing in a field,one brown and white dog chasing a black and white dog through the grass | the two dogs are running through the grass | two <unk> <unk> running through the grass | two dogs are running through a green yard | two dogs are running through the grass near a house and trees
